fg,fa,fv,scope,optional,tg,ta,tv
junit,junit,4.1,compile,false,org.hamcrest,hamcrest-core,1.1
org.hamcrest,hamcrest-parent,1.1,compile,false,jmock,jmock,1.1.0
jmock,jmock,1.1.0,compile,false,junit,junit,3.8.1
org.hamcrest,hamcrest-parent,1.1,compile,false,junit,junit,4
org.hamcrest,hamcrest-parent,1.1,compile,false,org.easymock,easymock,2.2
junit,junit,4.11,compile,false,org.hamcrest,hamcrest-core,1.3
junit,junit,4.11-beta-1,compile,false,org.hamcrest,hamcrest-core,1.3
junit,junit,4.12,compile,false,org.hamcrest,hamcrest-core,1.3
junit,junit,4.12-beta-1,compile,false,org.hamcrest,hamcrest-core,1.3
junit,junit,4.12-beta-2,compile,false,org.hamcrest,hamcrest-core,1.3
junit,junit,4.12-beta-3,compile,false,org.hamcrest,hamcrest-core,1.3
junit,junit,4.13,compile,false,org.hamcrest,hamcrest-core,1.3
junit,junit,4.13,compile,false,org.hamcrest,hamcrest-library,1.3
org.hamcrest,hamcrest-library,1.3,compile,false,org.hamcrest,hamcrest-core,1.3
junit,junit,4.13-beta-1,compile,false,org.hamcrest,hamcrest-core,1.3
junit,junit,4.13-beta-1,compile,false,org.hamcrest,hamcrest-library,1.3
junit,junit,4.13-beta-2,compile,false,org.hamcrest,hamcrest-core,1.3
junit,junit,4.13-beta-2,compile,false,org.hamcrest,hamcrest-library,1.3
junit,junit,4.13-beta-3,compile,false,org.hamcrest,hamcrest-core,1.3
junit,junit,4.13-beta-3,compile,false,org.hamcrest,hamcrest-library,1.3
junit,junit,4.13-rc-1,compile,false,org.hamcrest,hamcrest-core,1.3
junit,junit,4.13-rc-1,compile,false,org.hamcrest,hamcrest-library,1.3
junit,junit,4.13-rc-2,compile,false,org.hamcrest,hamcrest-core,1.3
junit,junit,4.13-rc-2,compile,false,org.hamcrest,hamcrest-library,1.3
junit,junit,4.13.1,compile,false,org.hamcrest,hamcrest-core,1.3
junit,junit,4.13.1,compile,false,org.hamcrest,hamcrest-library,1.3
junit,junit,4.13.2,compile,false,org.hamcrest,hamcrest-core,1.3
junit,junit,4.13.2,compile,false,org.hamcrest,hamcrest-library,1.3
junit,junit,4.9,compile,false,org.hamcrest,hamcrest-core,1.1
org.slf4j,slf4j-parent,1.1.0,compile,false,junit,junit,3.8.1
org.slf4j,slf4j-parent,1.1.0-RC1,compile,false,junit,junit,3.8.1
org.slf4j,slf4j-parent,1.1.0-beta0,compile,false,junit,junit,3.8.1
org.slf4j,slf4j-parent,1.2,compile,false,junit,junit,3.8.1
org.slf4j,slf4j-parent,1.3.0,compile,false,junit,junit,3.8.1
org.slf4j,slf4j-parent,1.3.1,compile,false,junit,junit,3.8.1
org.slf4j,slf4j-parent,1.4.0,compile,false,junit,junit,3.8.1
org.slf4j,slf4j-parent,1.4.1,compile,false,junit,junit,3.8.1
org.slf4j,slf4j-parent,1.4.2,compile,false,junit,junit,3.8.1
org.slf4j,slf4j-parent,1.5.0,compile,false,junit,junit,3.8.1
org.slf4j,slf4j-parent,1.5.0-M0,compile,false,junit,junit,3.8.1
org.slf4j,slf4j-parent,1.5.10,compile,false,junit,junit,3.8.1
org.slf4j,slf4j-parent,1.5.11,compile,false,junit,junit,3.8.1
org.slf4j,slf4j-parent,1.5.2,compile,false,junit,junit,3.8.1
org.slf4j,slf4j-parent,1.5.3,compile,false,junit,junit,3.8.1
org.slf4j,slf4j-parent,1.5.4,compile,false,junit,junit,3.8.1
org.slf4j,slf4j-parent,1.5.5,compile,false,junit,junit,3.8.1
org.slf4j,slf4j-parent,1.5.6,compile,false,junit,junit,3.8.1
org.slf4j,slf4j-parent,1.5.7,compile,false,junit,junit,3.8.1
org.slf4j,slf4j-parent,1.5.8,compile,false,junit,junit,3.8.1
org.slf4j,slf4j-parent,1.5.9-RC0,compile,false,junit,junit,3.8.1
org.slf4j,slf4j-parent,1.5.9.RC1,compile,false,junit,junit,3.8.1
org.slf4j,slf4j-parent,1.6.0,compile,false,junit,junit,3.8.1
org.slf4j,slf4j-parent,1.6.0-RC0,compile,false,junit,junit,3.8.1
org.slf4j,slf4j-parent,1.6.0-alpha2,compile,false,junit,junit,3.8.1
org.slf4j,slf4j-parent,1.6.1,compile,false,junit,junit,3.8.1
org.slf4j,slf4j-parent,1.6.2,compile,false,junit,junit,3.8.1
org.slf4j,slf4j-parent,1.6.3,compile,false,junit,junit,3.8.1
org.slf4j,slf4j-parent,1.6.4,compile,false,junit,junit,3.8.1
org.slf4j,slf4j-parent,1.6.5,compile,false,junit,junit,3.8.1
org.slf4j,slf4j-parent,1.6.6,compile,false,junit,junit,3.8.1
org.slf4j,slf4j-parent,1.7.0,compile,false,junit,junit,3.8.1
org.slf4j,slf4j-parent,1.7.1,compile,false,junit,junit,4.1
org.slf4j,slf4j-parent,1.7.10,compile,false,junit,junit,4.1
org.slf4j,slf4j-parent,1.7.11,compile,false,junit,junit,4.1
org.slf4j,slf4j-parent,1.7.12,compile,false,junit,junit,4.1
org.slf4j,slf4j-parent,1.7.13,compile,false,junit,junit,4.1
org.slf4j,slf4j-parent,1.7.14,compile,false,junit,junit,4.1
org.slf4j,slf4j-parent,1.7.15,compile,false,junit,junit,4.1
org.slf4j,slf4j-parent,1.7.16,compile,false,junit,junit,4.1
org.slf4j,slf4j-parent,1.7.18,compile,false,junit,junit,4.1
org.slf4j,slf4j-parent,1.7.19,compile,false,junit,junit,4.12
org.slf4j,slf4j-parent,1.7.2,compile,false,junit,junit,4.1
org.slf4j,slf4j-parent,1.7.20,compile,false,junit,junit,4.12
org.slf4j,slf4j-parent,1.7.21,compile,false,junit,junit,4.12
org.slf4j,slf4j-parent,1.7.22,compile,false,junit,junit,4.12
org.slf4j,slf4j-parent,1.7.23,compile,false,junit,junit,4.12
org.slf4j,slf4j-parent,1.7.24,compile,false,junit,junit,4.12
org.slf4j,slf4j-parent,1.7.25,compile,false,junit,junit,4.12
org.slf4j,slf4j-parent,1.7.26,compile,false,junit,junit,4.12
org.slf4j,slf4j-parent,1.7.27,compile,false,junit,junit,4.12
org.slf4j,slf4j-parent,1.7.28,compile,false,junit,junit,4.12
org.slf4j,slf4j-parent,1.7.29,compile,false,junit,junit,4.12
org.slf4j,slf4j-parent,1.7.3,compile,false,junit,junit,4.1
org.slf4j,slf4j-parent,1.7.30,compile,false,junit,junit,4.12
org.slf4j,slf4j-parent,1.7.31,compile,false,junit,junit,4.12
org.slf4j,slf4j-parent,1.7.32,compile,false,junit,junit,4.12
org.slf4j,slf4j-parent,1.7.33,compile,false,junit,junit,4.12
org.slf4j,slf4j-parent,1.7.34,compile,false,junit,junit,4.12
org.slf4j,slf4j-parent,1.7.35,compile,false,junit,junit,4.12
org.slf4j,slf4j-parent,1.7.36,compile,false,junit,junit,4.13
org.slf4j,slf4j-parent,1.7.4,compile,false,junit,junit,4.1
org.slf4j,slf4j-parent,1.7.5,compile,false,junit,junit,4.1
org.slf4j,slf4j-parent,1.7.6,compile,false,junit,junit,4.1
org.slf4j,slf4j-parent,1.7.7,compile,false,junit,junit,4.1
org.slf4j,slf4j-parent,1.7.8,compile,false,junit,junit,4.1
org.slf4j,slf4j-api,1.7.8,compile,false,com.google.code.findbugs,jsr305,2.0.1
org.slf4j,slf4j-parent,1.7.9,compile,false,junit,junit,4.1
org.slf4j,slf4j-parent,1.8.0-alpha0,compile,false,junit,junit,4.12
org.slf4j,slf4j-parent,1.8.0-alpha1,compile,false,junit,junit,4.12
org.slf4j,slf4j-parent,1.8.0-alpha2,compile,false,junit,junit,4.12
org.slf4j,slf4j-parent,1.8.0-beta0,compile,false,junit,junit,4.12
org.slf4j,slf4j-parent,1.8.0-beta1,compile,false,junit,junit,4.12
org.slf4j,slf4j-parent,1.8.0-beta2,compile,false,junit,junit,4.12
org.slf4j,slf4j-parent,1.8.0-beta4,compile,false,junit,junit,4.12
org.slf4j,slf4j-parent,2.0.0,compile,false,junit,junit,4.13.1
org.slf4j,slf4j-parent,2.0.0-alpha0,compile,false,junit,junit,4.12
org.slf4j,slf4j-parent,2.0.0-alpha1,compile,false,junit,junit,4.12
org.slf4j,slf4j-parent,2.0.0-alpha2,compile,false,junit,junit,4.12
org.slf4j,slf4j-parent,2.0.0-alpha3,compile,false,junit,junit,4.12
org.slf4j,slf4j-parent,2.0.0-alpha4,compile,false,junit,junit,4.12
org.slf4j,slf4j-parent,2.0.0-alpha5,compile,false,junit,junit,4.12
org.slf4j,slf4j-parent,2.0.0-alpha6,compile,false,junit,junit,4.13.1
org.slf4j,slf4j-parent,2.0.0-alpha7,compile,false,junit,junit,4.13.1
org.slf4j,slf4j-parent,2.0.0-beta0,compile,false,junit,junit,4.13.1
org.slf4j,slf4j-parent,2.0.0-beta1,compile,false,junit,junit,4.13.1
org.slf4j,slf4j-parent,2.0.1,compile,false,junit,junit,4.13.1
org.slf4j,slf4j-parent,2.0.2,compile,false,junit,junit,4.13.1
org.slf4j,slf4j-parent,2.0.3,compile,false,junit,junit,4.13.1
org.slf4j,slf4j-parent,2.0.4,compile,false,junit,junit,4.13.1
org.slf4j,slf4j-parent,2.0.5,compile,false,junit,junit,4.13.1
org.slf4j,slf4j-parent,2.0.6,compile,false,junit,junit,4.13.1
org.slf4j,slf4j-parent,2.0.7,compile,false,junit,junit,4.13.1
org.slf4j,slf4j-parent,2.0.8,compile,false,junit,junit,4.13.1
org.slf4j,slf4j-parent,2.0.9,compile,false,junit,junit,4.13.1
org.jetbrains.kotlin,kotlin-project,1.1.0,compile,false,junit,junit,4.11
org.jetbrains.kotlin,kotlin-project,1.1.1,compile,false,junit,junit,4.11
org.jetbrains.kotlin,kotlin-project,1.1.2,compile,false,junit,junit,4.11
org.jetbrains.kotlin,kotlin-project,1.1.2-2,compile,false,junit,junit,4.11
org.jetbrains.kotlin,kotlin-project,1.1.2-3,compile,false,junit,junit,4.11
org.jetbrains.kotlin,kotlin-project,1.1.2-4,compile,false,junit,junit,4.11
org.jetbrains.kotlin,kotlin-project,1.1.2-5,compile,false,junit,junit,4.11
org.jetbrains.kotlin,kotlin-stdlib-common,1.2.20,compile,false,org.jetbrains.kotlin,kotlin-test-common,1.2.20
org.jetbrains.kotlin,kotlin-test-common,1.2.20,compile,false,org.jetbrains.kotlin,kotlin-stdlib-common,1.2.20
org.jetbrains.kotlin,kotlin-test-common,1.2.20,compile,false,org.jetbrains.kotlin,kotlin-test-annotations-common,1.2.20
org.jetbrains.kotlin,kotlin-test-annotations-common,1.2.20,compile,false,org.jetbrains.kotlin,kotlin-stdlib-common,1.2.20
org.jetbrains.kotlin,kotlin-stdlib-common,1.2.20,compile,false,org.jetbrains.kotlin,kotlin-test-annotations-common,1.2.20
org.jetbrains.kotlin,kotlin-stdlib-common,1.2.21,compile,false,org.jetbrains.kotlin,kotlin-test-common,1.2.21
org.jetbrains.kotlin,kotlin-test-common,1.2.21,compile,false,org.jetbrains.kotlin,kotlin-stdlib-common,1.2.21
org.jetbrains.kotlin,kotlin-test-common,1.2.21,compile,false,org.jetbrains.kotlin,kotlin-test-annotations-common,1.2.21
org.jetbrains.kotlin,kotlin-test-annotations-common,1.2.21,compile,false,org.jetbrains.kotlin,kotlin-stdlib-common,1.2.21
org.jetbrains.kotlin,kotlin-stdlib-common,1.2.21,compile,false,org.jetbrains.kotlin,kotlin-test-annotations-common,1.2.21
org.jetbrains.kotlin,kotlin-stdlib-common,1.2.30,compile,false,org.jetbrains.kotlin,kotlin-test-common,1.2.30
org.jetbrains.kotlin,kotlin-test-common,1.2.30,compile,false,org.jetbrains.kotlin,kotlin-stdlib-common,1.2.30
org.jetbrains.kotlin,kotlin-test-common,1.2.30,compile,false,org.jetbrains.kotlin,kotlin-test-annotations-common,1.2.30
org.jetbrains.kotlin,kotlin-test-annotations-common,1.2.30,compile,false,org.jetbrains.kotlin,kotlin-stdlib-common,1.2.30
org.jetbrains.kotlin,kotlin-stdlib-common,1.2.30,compile,false,org.jetbrains.kotlin,kotlin-test-annotations-common,1.2.30
org.jetbrains.kotlin,kotlin-stdlib-common,1.2.31,compile,false,org.jetbrains.kotlin,kotlin-test-common,1.2.31
org.jetbrains.kotlin,kotlin-test-common,1.2.31,compile,false,org.jetbrains.kotlin,kotlin-stdlib-common,1.2.31
org.jetbrains.kotlin,kotlin-test-common,1.2.31,compile,false,org.jetbrains.kotlin,kotlin-test-annotations-common,1.2.31
org.jetbrains.kotlin,kotlin-test-annotations-common,1.2.31,compile,false,org.jetbrains.kotlin,kotlin-stdlib-common,1.2.31
org.jetbrains.kotlin,kotlin-stdlib-common,1.2.31,compile,false,org.jetbrains.kotlin,kotlin-test-annotations-common,1.2.31
org.jetbrains.kotlin,kotlin-stdlib-common,1.2.40,compile,false,org.jetbrains.kotlin,kotlin-test-common,1.2.40
org.jetbrains.kotlin,kotlin-test-common,1.2.40,compile,false,org.jetbrains.kotlin,kotlin-stdlib-common,1.2.40
org.jetbrains.kotlin,kotlin-test-common,1.2.40,compile,false,org.jetbrains.kotlin,kotlin-test-annotations-common,1.2.40
org.jetbrains.kotlin,kotlin-test-annotations-common,1.2.40,compile,false,org.jetbrains.kotlin,kotlin-stdlib-common,1.2.40
org.jetbrains.kotlin,kotlin-stdlib-common,1.2.40,compile,false,org.jetbrains.kotlin,kotlin-test-annotations-common,1.2.40
org.jetbrains.kotlin,kotlin-stdlib-common,1.2.41,compile,false,org.jetbrains.kotlin,kotlin-test-common,1.2.41
org.jetbrains.kotlin,kotlin-test-common,1.2.41,compile,false,org.jetbrains.kotlin,kotlin-stdlib-common,1.2.41
org.jetbrains.kotlin,kotlin-test-common,1.2.41,compile,false,org.jetbrains.kotlin,kotlin-test-annotations-common,1.2.41
org.jetbrains.kotlin,kotlin-test-annotations-common,1.2.41,compile,false,org.jetbrains.kotlin,kotlin-stdlib-common,1.2.41
org.jetbrains.kotlin,kotlin-stdlib-common,1.2.41,compile,false,org.jetbrains.kotlin,kotlin-test-annotations-common,1.2.41
org.jetbrains.kotlin,kotlin-stdlib-common,1.2.50,compile,false,org.jetbrains.kotlin,kotlin-test-common,1.2.50
org.jetbrains.kotlin,kotlin-test-common,1.2.50,compile,false,org.jetbrains.kotlin,kotlin-stdlib-common,1.2.50
org.jetbrains.kotlin,kotlin-test-common,1.2.50,compile,false,org.jetbrains.kotlin,kotlin-test-annotations-common,1.2.50
org.jetbrains.kotlin,kotlin-test-annotations-common,1.2.50,compile,false,org.jetbrains.kotlin,kotlin-stdlib-common,1.2.50
org.jetbrains.kotlin,kotlin-stdlib-common,1.2.50,compile,false,org.jetbrains.kotlin,kotlin-test-annotations-common,1.2.50
org.jetbrains.kotlin,kotlin-stdlib-common,1.2.51,compile,false,org.jetbrains.kotlin,kotlin-test-common,1.2.51
org.jetbrains.kotlin,kotlin-test-common,1.2.51,compile,false,org.jetbrains.kotlin,kotlin-stdlib-common,1.2.51
org.jetbrains.kotlin,kotlin-test-common,1.2.51,compile,false,org.jetbrains.kotlin,kotlin-test-annotations-common,1.2.51
org.jetbrains.kotlin,kotlin-test-annotations-common,1.2.51,compile,false,org.jetbrains.kotlin,kotlin-stdlib-common,1.2.51
org.jetbrains.kotlin,kotlin-stdlib-common,1.2.51,compile,false,org.jetbrains.kotlin,kotlin-test-annotations-common,1.2.51
org.jetbrains.kotlin,kotlin-stdlib-common,1.2.60,compile,false,org.jetbrains.kotlin,kotlin-test-common,1.2.60
org.jetbrains.kotlin,kotlin-test-common,1.2.60,compile,false,org.jetbrains.kotlin,kotlin-stdlib-common,1.2.60
org.jetbrains.kotlin,kotlin-test-common,1.2.60,compile,false,org.jetbrains.kotlin,kotlin-test-annotations-common,1.2.60
org.jetbrains.kotlin,kotlin-test-annotations-common,1.2.60,compile,false,org.jetbrains.kotlin,kotlin-stdlib-common,1.2.60
org.jetbrains.kotlin,kotlin-stdlib-common,1.2.60,compile,false,org.jetbrains.kotlin,kotlin-test-annotations-common,1.2.60
org.jetbrains.kotlin,kotlin-stdlib-common,1.2.61,compile,false,org.jetbrains.kotlin,kotlin-test-common,1.2.61
org.jetbrains.kotlin,kotlin-test-common,1.2.61,compile,false,org.jetbrains.kotlin,kotlin-stdlib-common,1.2.61
org.jetbrains.kotlin,kotlin-test-common,1.2.61,compile,false,org.jetbrains.kotlin,kotlin-test-annotations-common,1.2.61
org.jetbrains.kotlin,kotlin-test-annotations-common,1.2.61,compile,false,org.jetbrains.kotlin,kotlin-stdlib-common,1.2.61
org.jetbrains.kotlin,kotlin-stdlib-common,1.2.61,compile,false,org.jetbrains.kotlin,kotlin-test-annotations-common,1.2.61
org.jetbrains.kotlin,kotlin-stdlib-common,1.2.70,compile,false,org.jetbrains.kotlin,kotlin-test-common,1.2.70
org.jetbrains.kotlin,kotlin-test-common,1.2.70,compile,false,org.jetbrains.kotlin,kotlin-stdlib-common,1.2.70
org.jetbrains.kotlin,kotlin-test-common,1.2.70,compile,false,org.jetbrains.kotlin,kotlin-test-annotations-common,1.2.70
org.jetbrains.kotlin,kotlin-test-annotations-common,1.2.70,compile,false,org.jetbrains.kotlin,kotlin-stdlib-common,1.2.70
org.jetbrains.kotlin,kotlin-stdlib-common,1.2.70,compile,false,org.jetbrains.kotlin,kotlin-test-annotations-common,1.2.70
org.jetbrains.kotlin,kotlin-stdlib-common,1.2.71,compile,false,org.jetbrains.kotlin,kotlin-test-common,1.2.71
org.jetbrains.kotlin,kotlin-test-common,1.2.71,compile,false,org.jetbrains.kotlin,kotlin-stdlib-common,1.2.71
org.jetbrains.kotlin,kotlin-test-common,1.2.71,compile,false,org.jetbrains.kotlin,kotlin-test-annotations-common,1.2.71
org.jetbrains.kotlin,kotlin-test-annotations-common,1.2.71,compile,false,org.jetbrains.kotlin,kotlin-stdlib-common,1.2.71
org.jetbrains.kotlin,kotlin-stdlib-common,1.2.71,compile,false,org.jetbrains.kotlin,kotlin-test-annotations-common,1.2.71
org.jetbrains.kotlin,kotlin-stdlib-common,1.3.0,compile,false,org.jetbrains.kotlin,kotlin-test-common,1.3.0
org.jetbrains.kotlin,kotlin-test-common,1.3.0,compile,false,org.jetbrains.kotlin,kotlin-stdlib-common,1.3.0
org.jetbrains.kotlin,kotlin-test-common,1.3.0,compile,false,org.jetbrains.kotlin,kotlin-test-annotations-common,1.3.0
org.jetbrains.kotlin,kotlin-test-annotations-common,1.3.0,compile,false,org.jetbrains.kotlin,kotlin-stdlib-common,1.3.0
org.jetbrains.kotlin,kotlin-stdlib-common,1.3.0,compile,false,org.jetbrains.kotlin,kotlin-test-annotations-common,1.3.0
org.jetbrains.kotlin,kotlin-stdlib-common,1.3.0-rc-190,compile,false,org.jetbrains.kotlin,kotlin-test-common,1.3.0-rc-190
org.jetbrains.kotlin,kotlin-test-common,1.3.0-rc-190,compile,false,org.jetbrains.kotlin,kotlin-stdlib-common,1.3.0-rc-190
org.jetbrains.kotlin,kotlin-test-common,1.3.0-rc-190,compile,false,org.jetbrains.kotlin,kotlin-test-annotations-common,1.3.0-rc-190
org.jetbrains.kotlin,kotlin-test-annotations-common,1.3.0-rc-190,compile,false,org.jetbrains.kotlin,kotlin-stdlib-common,1.3.0-rc-190
org.jetbrains.kotlin,kotlin-stdlib-common,1.3.0-rc-190,compile,false,org.jetbrains.kotlin,kotlin-test-annotations-common,1.3.0-rc-190
org.jetbrains.kotlin,kotlin-stdlib-common,1.3.0-rc-198,compile,false,org.jetbrains.kotlin,kotlin-test-common,1.3.0-rc-198
org.jetbrains.kotlin,kotlin-test-common,1.3.0-rc-198,compile,false,org.jetbrains.kotlin,kotlin-stdlib-common,1.3.0-rc-198
org.jetbrains.kotlin,kotlin-test-common,1.3.0-rc-198,compile,false,org.jetbrains.kotlin,kotlin-test-annotations-common,1.3.0-rc-198
org.jetbrains.kotlin,kotlin-test-annotations-common,1.3.0-rc-198,compile,false,org.jetbrains.kotlin,kotlin-stdlib-common,1.3.0-rc-198
org.jetbrains.kotlin,kotlin-stdlib-common,1.3.0-rc-198,compile,false,org.jetbrains.kotlin,kotlin-test-annotations-common,1.3.0-rc-198
org.jetbrains.kotlin,kotlin-stdlib-common,1.3.10,compile,false,org.jetbrains.kotlin,kotlin-test-common,1.3.10
org.jetbrains.kotlin,kotlin-test-common,1.3.10,compile,false,org.jetbrains.kotlin,kotlin-stdlib-common,1.3.10
org.jetbrains.kotlin,kotlin-test-common,1.3.10,compile,false,org.jetbrains.kotlin,kotlin-test-annotations-common,1.3.10
org.jetbrains.kotlin,kotlin-test-annotations-common,1.3.10,compile,false,org.jetbrains.kotlin,kotlin-stdlib-common,1.3.10
org.jetbrains.kotlin,kotlin-stdlib-common,1.3.10,compile,false,org.jetbrains.kotlin,kotlin-test-annotations-common,1.3.10
org.jetbrains.kotlin,kotlin-stdlib-common,1.3.11,compile,false,org.jetbrains.kotlin,kotlin-test-common,1.3.11
org.jetbrains.kotlin,kotlin-test-common,1.3.11,compile,false,org.jetbrains.kotlin,kotlin-stdlib-common,1.3.11
org.jetbrains.kotlin,kotlin-test-common,1.3.11,compile,false,org.jetbrains.kotlin,kotlin-test-annotations-common,1.3.11
org.jetbrains.kotlin,kotlin-test-annotations-common,1.3.11,compile,false,org.jetbrains.kotlin,kotlin-stdlib-common,1.3.11
org.jetbrains.kotlin,kotlin-stdlib-common,1.3.11,compile,false,org.jetbrains.kotlin,kotlin-test-annotations-common,1.3.11
org.jetbrains.kotlin,kotlin-stdlib-common,1.3.20,compile,false,org.jetbrains.kotlin,kotlin-test-common,1.3.20
org.jetbrains.kotlin,kotlin-test-common,1.3.20,compile,false,org.jetbrains.kotlin,kotlin-stdlib-common,1.3.20
org.jetbrains.kotlin,kotlin-test-common,1.3.20,compile,false,org.jetbrains.kotlin,kotlin-test-annotations-common,1.3.20
org.jetbrains.kotlin,kotlin-test-annotations-common,1.3.20,compile,false,org.jetbrains.kotlin,kotlin-stdlib-common,1.3.20
org.jetbrains.kotlin,kotlin-test-annotations-common,1.3.20,compile,false,org.jetbrains.kotlin,kotlin-test-common,1.3.20
org.jetbrains.kotlin,kotlin-stdlib-common,1.3.20,compile,false,org.jetbrains.kotlin,kotlin-test-annotations-common,1.3.20
org.jetbrains.kotlin,kotlin-stdlib-common,1.3.21,compile,false,org.jetbrains.kotlin,kotlin-test-common,1.3.21
org.jetbrains.kotlin,kotlin-test-common,1.3.21,compile,false,org.jetbrains.kotlin,kotlin-stdlib-common,1.3.21
org.jetbrains.kotlin,kotlin-test-common,1.3.21,compile,false,org.jetbrains.kotlin,kotlin-test-annotations-common,1.3.21
org.jetbrains.kotlin,kotlin-test-annotations-common,1.3.21,compile,false,org.jetbrains.kotlin,kotlin-stdlib-common,1.3.21
org.jetbrains.kotlin,kotlin-test-annotations-common,1.3.21,compile,false,org.jetbrains.kotlin,kotlin-test-common,1.3.21
org.jetbrains.kotlin,kotlin-stdlib-common,1.3.21,compile,false,org.jetbrains.kotlin,kotlin-test-annotations-common,1.3.21
org.jetbrains.kotlin,kotlin-stdlib-common,1.3.30,compile,false,org.jetbrains.kotlin,kotlin-test-common,1.3.30
org.jetbrains.kotlin,kotlin-test-common,1.3.30,compile,false,org.jetbrains.kotlin,kotlin-stdlib-common,1.3.30
org.jetbrains.kotlin,kotlin-test-common,1.3.30,compile,false,org.jetbrains.kotlin,kotlin-test-annotations-common,1.3.30
org.jetbrains.kotlin,kotlin-test-annotations-common,1.3.30,compile,false,org.jetbrains.kotlin,kotlin-stdlib-common,1.3.30
org.jetbrains.kotlin,kotlin-test-annotations-common,1.3.30,compile,false,org.jetbrains.kotlin,kotlin-test-common,1.3.30
org.jetbrains.kotlin,kotlin-stdlib-common,1.3.30,compile,false,org.jetbrains.kotlin,kotlin-test-annotations-common,1.3.30
org.jetbrains.kotlin,kotlin-stdlib-common,1.3.31,compile,false,org.jetbrains.kotlin,kotlin-test-common,1.3.31
org.jetbrains.kotlin,kotlin-test-common,1.3.31,compile,false,org.jetbrains.kotlin,kotlin-stdlib-common,1.3.31
org.jetbrains.kotlin,kotlin-test-common,1.3.31,compile,false,org.jetbrains.kotlin,kotlin-test-annotations-common,1.3.31
org.jetbrains.kotlin,kotlin-test-annotations-common,1.3.31,compile,false,org.jetbrains.kotlin,kotlin-stdlib-common,1.3.31
org.jetbrains.kotlin,kotlin-test-annotations-common,1.3.31,compile,false,org.jetbrains.kotlin,kotlin-test-common,1.3.31
org.jetbrains.kotlin,kotlin-stdlib-common,1.3.31,compile,false,org.jetbrains.kotlin,kotlin-test-annotations-common,1.3.31
org.jetbrains.kotlin,kotlin-stdlib-common,1.3.40,compile,false,org.jetbrains.kotlin,kotlin-test-common,1.3.40
org.jetbrains.kotlin,kotlin-test-common,1.3.40,compile,false,org.jetbrains.kotlin,kotlin-stdlib-common,1.3.40
org.jetbrains.kotlin,kotlin-test-common,1.3.40,compile,false,org.jetbrains.kotlin,kotlin-test-annotations-common,1.3.40
org.jetbrains.kotlin,kotlin-test-annotations-common,1.3.40,compile,false,org.jetbrains.kotlin,kotlin-stdlib-common,1.3.40
org.jetbrains.kotlin,kotlin-test-annotations-common,1.3.40,compile,false,org.jetbrains.kotlin,kotlin-test-common,1.3.40
org.jetbrains.kotlin,kotlin-stdlib-common,1.3.40,compile,false,org.jetbrains.kotlin,kotlin-test-annotations-common,1.3.40
org.jetbrains.kotlin,kotlin-stdlib-common,1.3.41,compile,false,org.jetbrains.kotlin,kotlin-test-common,1.3.41
org.jetbrains.kotlin,kotlin-test-common,1.3.41,compile,false,org.jetbrains.kotlin,kotlin-stdlib-common,1.3.41
org.jetbrains.kotlin,kotlin-test-common,1.3.41,compile,false,org.jetbrains.kotlin,kotlin-test-annotations-common,1.3.41
org.jetbrains.kotlin,kotlin-test-annotations-common,1.3.41,compile,false,org.jetbrains.kotlin,kotlin-stdlib-common,1.3.41
org.jetbrains.kotlin,kotlin-test-annotations-common,1.3.41,compile,false,org.jetbrains.kotlin,kotlin-test-common,1.3.41
org.jetbrains.kotlin,kotlin-stdlib-common,1.3.41,compile,false,org.jetbrains.kotlin,kotlin-test-annotations-common,1.3.41
org.jetbrains.kotlin,kotlin-stdlib-common,1.3.50,compile,false,org.jetbrains.kotlin,kotlin-test-common,1.3.50
org.jetbrains.kotlin,kotlin-test-common,1.3.50,compile,false,org.jetbrains.kotlin,kotlin-stdlib-common,1.3.50
org.jetbrains.kotlin,kotlin-test-common,1.3.50,compile,false,org.jetbrains.kotlin,kotlin-test-annotations-common,1.3.50
org.jetbrains.kotlin,kotlin-test-annotations-common,1.3.50,compile,false,org.jetbrains.kotlin,kotlin-stdlib-common,1.3.50
org.jetbrains.kotlin,kotlin-test-annotations-common,1.3.50,compile,false,org.jetbrains.kotlin,kotlin-test-common,1.3.50
org.jetbrains.kotlin,kotlin-stdlib-common,1.3.50,compile,false,org.jetbrains.kotlin,kotlin-test-annotations-common,1.3.50
org.jetbrains.kotlin,kotlin-stdlib-common,1.3.60,compile,false,org.jetbrains.kotlin,kotlin-test-common,1.3.60
org.jetbrains.kotlin,kotlin-test-common,1.3.60,compile,false,org.jetbrains.kotlin,kotlin-stdlib-common,1.3.60
org.jetbrains.kotlin,kotlin-test-common,1.3.60,compile,false,org.jetbrains.kotlin,kotlin-test-annotations-common,1.3.60
org.jetbrains.kotlin,kotlin-test-annotations-common,1.3.60,compile,false,org.jetbrains.kotlin,kotlin-stdlib-common,1.3.60
org.jetbrains.kotlin,kotlin-test-annotations-common,1.3.60,compile,false,org.jetbrains.kotlin,kotlin-test-common,1.3.60
org.jetbrains.kotlin,kotlin-stdlib-common,1.3.60,compile,false,org.jetbrains.kotlin,kotlin-test-annotations-common,1.3.60
org.jetbrains.kotlin,kotlin-stdlib-common,1.3.61,compile,false,org.jetbrains.kotlin,kotlin-test-common,1.3.61
org.jetbrains.kotlin,kotlin-test-common,1.3.61,compile,false,org.jetbrains.kotlin,kotlin-stdlib-common,1.3.61
org.jetbrains.kotlin,kotlin-test-common,1.3.61,compile,false,org.jetbrains.kotlin,kotlin-test-annotations-common,1.3.61
org.jetbrains.kotlin,kotlin-test-annotations-common,1.3.61,compile,false,org.jetbrains.kotlin,kotlin-stdlib-common,1.3.61
org.jetbrains.kotlin,kotlin-test-annotations-common,1.3.61,compile,false,org.jetbrains.kotlin,kotlin-test-common,1.3.61
org.jetbrains.kotlin,kotlin-stdlib-common,1.3.61,compile,false,org.jetbrains.kotlin,kotlin-test-annotations-common,1.3.61
org.jetbrains.kotlin,kotlin-stdlib-common,1.3.70,compile,false,org.jetbrains.kotlin,kotlin-test-common,1.3.70
org.jetbrains.kotlin,kotlin-test-common,1.3.70,compile,false,org.jetbrains.kotlin,kotlin-stdlib-common,1.3.70
org.jetbrains.kotlin,kotlin-test-common,1.3.70,compile,false,org.jetbrains.kotlin,kotlin-test-annotations-common,1.3.70
org.jetbrains.kotlin,kotlin-test-annotations-common,1.3.70,compile,false,org.jetbrains.kotlin,kotlin-stdlib-common,1.3.70
org.jetbrains.kotlin,kotlin-test-annotations-common,1.3.70,compile,false,org.jetbrains.kotlin,kotlin-test-common,1.3.70
org.jetbrains.kotlin,kotlin-stdlib-common,1.3.70,compile,false,org.jetbrains.kotlin,kotlin-test-annotations-common,1.3.70
org.jetbrains.kotlin,kotlin-stdlib-common,1.3.71,compile,false,org.jetbrains.kotlin,kotlin-test-common,1.3.71
org.jetbrains.kotlin,kotlin-test-common,1.3.71,compile,false,org.jetbrains.kotlin,kotlin-stdlib-common,1.3.71
org.jetbrains.kotlin,kotlin-test-common,1.3.71,compile,false,org.jetbrains.kotlin,kotlin-test-annotations-common,1.3.71
org.jetbrains.kotlin,kotlin-test-annotations-common,1.3.71,compile,false,org.jetbrains.kotlin,kotlin-stdlib-common,1.3.71
org.jetbrains.kotlin,kotlin-test-annotations-common,1.3.71,compile,false,org.jetbrains.kotlin,kotlin-test-common,1.3.71
org.jetbrains.kotlin,kotlin-stdlib-common,1.3.71,compile,false,org.jetbrains.kotlin,kotlin-test-annotations-common,1.3.71
org.jetbrains.kotlin,kotlin-stdlib-common,1.3.72,compile,false,org.jetbrains.kotlin,kotlin-test-common,1.3.72
org.jetbrains.kotlin,kotlin-test-common,1.3.72,compile,false,org.jetbrains.kotlin,kotlin-stdlib-common,1.3.72
org.jetbrains.kotlin,kotlin-test-common,1.3.72,compile,false,org.jetbrains.kotlin,kotlin-test-annotations-common,1.3.72
org.jetbrains.kotlin,kotlin-test-annotations-common,1.3.72,compile,false,org.jetbrains.kotlin,kotlin-stdlib-common,1.3.72
org.jetbrains.kotlin,kotlin-test-annotations-common,1.3.72,compile,false,org.jetbrains.kotlin,kotlin-test-common,1.3.72
org.jetbrains.kotlin,kotlin-stdlib-common,1.3.72,compile,false,org.jetbrains.kotlin,kotlin-test-annotations-common,1.3.72
org.jetbrains.kotlin,kotlin-stdlib-common,1.4.0,compile,false,org.jetbrains.kotlin,kotlin-test-common,1.4.0
org.jetbrains.kotlin,kotlin-test-common,1.4.0,compile,false,org.jetbrains.kotlin,kotlin-stdlib-common,1.4.0
org.jetbrains.kotlin,kotlin-test-common,1.4.0,compile,false,org.jetbrains.kotlin,kotlin-test-annotations-common,1.4.0
org.jetbrains.kotlin,kotlin-test-annotations-common,1.4.0,compile,false,org.jetbrains.kotlin,kotlin-stdlib-common,1.4.0
org.jetbrains.kotlin,kotlin-test-annotations-common,1.4.0,compile,false,org.jetbrains.kotlin,kotlin-test-common,1.4.0
org.jetbrains.kotlin,kotlin-stdlib-common,1.4.0,compile,false,org.jetbrains.kotlin,kotlin-test-annotations-common,1.4.0
org.jetbrains.kotlin,kotlin-stdlib-common,1.4.0-rc,compile,false,org.jetbrains.kotlin,kotlin-test-common,1.4.0-rc
org.jetbrains.kotlin,kotlin-test-common,1.4.0-rc,compile,false,org.jetbrains.kotlin,kotlin-stdlib-common,1.4.0-rc
org.jetbrains.kotlin,kotlin-test-common,1.4.0-rc,compile,false,org.jetbrains.kotlin,kotlin-test-annotations-common,1.4.0-rc
org.jetbrains.kotlin,kotlin-test-annotations-common,1.4.0-rc,compile,false,org.jetbrains.kotlin,kotlin-stdlib-common,1.4.0-rc
org.jetbrains.kotlin,kotlin-test-annotations-common,1.4.0-rc,compile,false,org.jetbrains.kotlin,kotlin-test-common,1.4.0-rc
org.jetbrains.kotlin,kotlin-stdlib-common,1.4.0-rc,compile,false,org.jetbrains.kotlin,kotlin-test-annotations-common,1.4.0-rc
org.jetbrains.kotlin,kotlin-stdlib-common,1.4.10,compile,false,org.jetbrains.kotlin,kotlin-test-common,1.4.10
org.jetbrains.kotlin,kotlin-test-common,1.4.10,compile,false,org.jetbrains.kotlin,kotlin-stdlib-common,1.4.10
org.jetbrains.kotlin,kotlin-test-common,1.4.10,compile,false,org.jetbrains.kotlin,kotlin-test-annotations-common,1.4.10
org.jetbrains.kotlin,kotlin-test-annotations-common,1.4.10,compile,false,org.jetbrains.kotlin,kotlin-stdlib-common,1.4.10
org.jetbrains.kotlin,kotlin-test-annotations-common,1.4.10,compile,false,org.jetbrains.kotlin,kotlin-test-common,1.4.10
org.jetbrains.kotlin,kotlin-stdlib-common,1.4.10,compile,false,org.jetbrains.kotlin,kotlin-test-annotations-common,1.4.10
org.jetbrains.kotlin,kotlin-stdlib-common,1.9.20,compile,false,org.jetbrains.kotlin,kotlin-stdlib,1.9.20
org.jetbrains.kotlin,kotlin-stdlib,1.9.20,compile,false,org.jetbrains,annotations,13
org.jetbrains.kotlin,kotlin-stdlib-common,1.9.20-Beta,compile,false,org.jetbrains.kotlin,kotlin-stdlib,1.9.20-Beta
org.jetbrains.kotlin,kotlin-stdlib,1.9.20-Beta,compile,false,org.jetbrains,annotations,13
org.jetbrains.kotlin,kotlin-stdlib-common,1.9.20-Beta2,compile,false,org.jetbrains.kotlin,kotlin-stdlib,1.9.20-Beta2
org.jetbrains.kotlin,kotlin-stdlib,1.9.20-Beta2,compile,false,org.jetbrains,annotations,13
org.jetbrains.kotlin,kotlin-stdlib-common,1.9.20-RC,compile,false,org.jetbrains.kotlin,kotlin-stdlib,1.9.20-RC
org.jetbrains.kotlin,kotlin-stdlib,1.9.20-RC,compile,false,org.jetbrains,annotations,13
org.jetbrains.kotlin,kotlin-stdlib-common,1.9.20-RC2,compile,false,org.jetbrains.kotlin,kotlin-stdlib,1.9.20-RC2
org.jetbrains.kotlin,kotlin-stdlib,1.9.20-RC2,compile,false,org.jetbrains,annotations,13
org.jetbrains.kotlin,kotlin-stdlib-common,1.9.21,compile,false,org.jetbrains.kotlin,kotlin-stdlib,1.9.21
org.jetbrains.kotlin,kotlin-stdlib,1.9.21,compile,false,org.jetbrains,annotations,13
org.jetbrains.kotlin,kotlin-stdlib-common,1.9.22,compile,false,org.jetbrains.kotlin,kotlin-stdlib,1.9.22
org.jetbrains.kotlin,kotlin-stdlib,1.9.22,compile,false,org.jetbrains,annotations,13
org.jetbrains.kotlin,kotlin-stdlib-common,2.0.0-Beta1,compile,false,org.jetbrains.kotlin,kotlin-stdlib,2.0.0-Beta1
org.jetbrains.kotlin,kotlin-stdlib,2.0.0-Beta1,compile,false,org.jetbrains,annotations,13
org.jetbrains.kotlin,kotlin-stdlib-common,2.0.0-Beta2,compile,false,org.jetbrains.kotlin,kotlin-stdlib,2.0.0-Beta2
org.jetbrains.kotlin,kotlin-stdlib,2.0.0-Beta2,compile,false,org.jetbrains,annotations,13
com.google.guava,guava,10,compile,false,com.google.code.findbugs,jsr305,1.3.9
com.google.guava,guava,10,compile,false,com.google.guava,guava-bootstrap,10
com.google.guava,guava,10,compile,false,junit,junit,4.5
com.google.guava,guava,10.0-rc1,compile,false,com.google.code.findbugs,jsr305,1.3.9
com.google.guava,guava,10.0-rc1,compile,false,com.google.guava,guava-bootstrap,10.0-rc1
com.google.guava,guava,10.0-rc1,compile,false,junit,junit,4.5
com.google.guava,guava,10.0-rc2,compile,false,com.google.code.findbugs,jsr305,1.3.9
com.google.guava,guava,10.0-rc2,compile,false,com.google.guava,guava-bootstrap,10.0-rc2
com.google.guava,guava,10.0-rc2,compile,false,junit,junit,4.5
com.google.guava,guava,10.0-rc3,compile,false,com.google.code.findbugs,jsr305,1.3.9
com.google.guava,guava,10.0-rc3,compile,false,com.google.guava,guava-bootstrap,10.0-rc3
com.google.guava,guava,10.0-rc3,compile,false,junit,junit,4.5
com.google.guava,guava,10.0.1,compile,false,com.google.code.findbugs,jsr305,1.3.9
com.google.guava,guava,10.0.1,compile,false,com.google.guava,guava-bootstrap,10.0.1
com.google.guava,guava,10.0.1,compile,false,junit,junit,4.5
com.google.guava,guava,11,compile,false,com.google.code.findbugs,jsr305,1.3.9
com.google.guava,guava,11,compile,false,com.google.guava,guava-bootstrap,11
com.google.guava,guava,11,compile,false,junit,junit,4.5
com.google.guava,guava,11.0-rc1,compile,false,com.google.code.findbugs,jsr305,1.3.9
com.google.guava,guava,11.0-rc1,compile,false,com.google.guava,guava-bootstrap,11.0-rc1
com.google.guava,guava,11.0-rc1,compile,false,junit,junit,4.5
com.google.guava,guava,11.0.1,compile,false,com.google.code.findbugs,jsr305,1.3.9
com.google.guava,guava,11.0.1,compile,false,com.google.guava,guava-bootstrap,11.0.1
com.google.guava,guava,11.0.1,compile,false,junit,junit,4.5
com.google.guava,guava,11.0.2,compile,false,com.google.code.findbugs,jsr305,1.3.9
com.google.guava,guava,11.0.2,compile,false,com.google.guava,guava-bootstrap,11.0.2
com.google.guava,guava,11.0.2,compile,false,junit,junit,4.5
com.google.guava,guava,12,compile,false,com.google.code.findbugs,jsr305,1.3.9
com.google.guava,guava,12.0-rc1,compile,false,com.google.code.findbugs,jsr305,1.3.9
com.google.guava,guava,12.0-rc1,compile,false,com.google.guava,guava-bootstrap,12.0-rc1
com.google.guava,guava,12.0-rc1,compile,false,junit,junit,4.5
com.google.guava,guava,12.0-rc2,compile,false,com.google.code.findbugs,jsr305,1.3.9
com.google.guava,guava,12.0.1,compile,false,com.google.code.findbugs,jsr305,1.3.9
com.google.guava,guava,13,compile,false,com.google.code.findbugs,jsr305,1.3.9
com.google.guava,guava,13.0-rc1,compile,false,com.google.code.findbugs,jsr305,1.3.9
com.google.guava,guava,13.0-rc2,compile,false,com.google.code.findbugs,jsr305,1.3.9
com.google.guava,guava,13.0.1,compile,false,com.google.code.findbugs,jsr305,1.3.9
com.google.guava,guava,14,compile,false,com.google.code.findbugs,jsr305,1.3.9
com.google.guava,guava,14,compile,false,javax.inject,javax.inject,1
com.google.guava,guava,14.0-rc1,compile,false,com.google.code.findbugs,jsr305,1.3.9
com.google.guava,guava,14.0-rc1,compile,false,javax.inject,javax.inject,1
com.google.guava,guava,14.0-rc2,compile,false,com.google.code.findbugs,jsr305,1.3.9
com.google.guava,guava,14.0-rc2,compile,false,javax.inject,javax.inject,1
com.google.guava,guava,14.0-rc3,compile,false,com.google.code.findbugs,jsr305,1.3.9
com.google.guava,guava,14.0-rc3,compile,false,javax.inject,javax.inject,1
com.google.guava,guava,14.0.1,compile,false,com.google.code.findbugs,jsr305,1.3.9
com.google.guava,guava,14.0.1,compile,false,javax.inject,javax.inject,1
com.google.guava,guava,15,compile,false,com.google.code.findbugs,jsr305,1.3.9
com.google.guava,guava,15,compile,false,javax.inject,javax.inject,1
com.google.guava,guava,15.0-rc1,compile,false,com.google.code.findbugs,jsr305,1.3.9
com.google.guava,guava,15.0-rc1,compile,false,javax.inject,javax.inject,1
com.google.guava,guava,16,compile,false,com.google.code.findbugs,jsr305,1.3.9
com.google.guava,guava,16.0-rc1,compile,false,com.google.code.findbugs,jsr305,1.3.9
com.google.guava,guava,16.0.1,compile,false,com.google.code.findbugs,jsr305,1.3.9
com.google.guava,guava,17,compile,false,com.google.code.findbugs,jsr305,1.3.9
com.google.guava,guava,17.0-rc1,compile,false,com.google.code.findbugs,jsr305,1.3.9
com.google.guava,guava,17.0-rc2,compile,true,com.google.code.findbugs,jsr305,1.3.9
com.google.guava,guava,18,compile,true,com.google.code.findbugs,jsr305,1.3.9
com.google.guava,guava,18.0-rc1,compile,true,com.google.code.findbugs,jsr305,1.3.9
com.google.guava,guava,18.0-rc2,compile,true,com.google.code.findbugs,jsr305,1.3.9
com.google.guava,guava,19,compile,true,com.google.code.findbugs,jsr305,1.3.9
com.google.guava,guava,19,compile,true,com.google.errorprone,error_prone_annotations,2.0.2
com.google.errorprone,error_prone_annotations,2.0.2,compile,true,junit,junit-dep,4.1
junit,junit-dep,4.1,compile,true,org.hamcrest,hamcrest-core,1.1
com.google.guava,guava,19,compile,true,com.google.j2objc,j2objc-annotations,0.1
com.google.guava,guava,19,compile,true,org.codehaus.mojo,animal-sniffer-annotations,1.14
com.google.guava,guava,19.0-rc1,compile,true,com.google.code.findbugs,jsr305,1.3.9
com.google.guava,guava,19.0-rc1,compile,true,com.google.errorprone,error_prone_annotations,2.0.2
com.google.guava,guava,19.0-rc1,compile,true,com.google.j2objc,j2objc-annotations,0.1
com.google.guava,guava,19.0-rc1,compile,true,org.codehaus.mojo,animal-sniffer-annotations,1.14
com.google.guava,guava,19.0-rc2,compile,true,com.google.code.findbugs,jsr305,1.3.9
com.google.guava,guava,19.0-rc2,compile,true,com.google.errorprone,error_prone_annotations,2.0.2
com.google.guava,guava,19.0-rc2,compile,true,com.google.j2objc,j2objc-annotations,0.1
com.google.guava,guava,19.0-rc2,compile,true,org.codehaus.mojo,animal-sniffer-annotations,1.14
com.google.guava,guava,19.0-rc3,compile,true,com.google.code.findbugs,jsr305,1.3.9
com.google.guava,guava,19.0-rc3,compile,true,com.google.errorprone,error_prone_annotations,2.0.2
com.google.guava,guava,19.0-rc3,compile,true,com.google.j2objc,j2objc-annotations,0.1
com.google.guava,guava,19.0-rc3,compile,true,org.codehaus.mojo,animal-sniffer-annotations,1.14
com.google.guava,guava,20,compile,true,com.google.code.findbugs,jsr305,1.3.9
com.google.guava,guava,20,compile,true,com.google.errorprone,error_prone_annotations,2.0.12
com.google.errorprone,error_prone_annotations,2.0.12,compile,true,junit,junit-dep,4.1
com.google.guava,guava,20,compile,true,com.google.j2objc,j2objc-annotations,1.1
com.google.guava,guava,20,compile,true,org.codehaus.mojo,animal-sniffer-annotations,1.14
com.google.guava,guava,20.0-rc1,compile,true,com.google.code.findbugs,jsr305,1.3.9
com.google.guava,guava,20.0-rc1,compile,true,com.google.errorprone,error_prone_annotations,2.0.2
com.google.guava,guava,20.0-rc1,compile,true,com.google.j2objc,j2objc-annotations,1.1
com.google.guava,guava,20.0-rc1,compile,true,org.codehaus.mojo,animal-sniffer-annotations,1.14
com.google.guava,guava,21,compile,true,com.google.code.findbugs,jsr305,1.3.9
com.google.guava,guava,21,compile,true,com.google.errorprone,error_prone_annotations,2.0.15
com.google.errorprone,error_prone_annotations,2.0.15,compile,true,junit,junit-dep,4.1
com.google.guava,guava,21,compile,true,com.google.j2objc,j2objc-annotations,1.1
com.google.guava,guava,21,compile,true,org.codehaus.mojo,animal-sniffer-annotations,1.14
com.google.guava,guava,21.0-rc1,compile,true,com.google.code.findbugs,jsr305,1.3.9
com.google.guava,guava,21.0-rc1,compile,true,com.google.errorprone,error_prone_annotations,2.0.15
com.google.guava,guava,21.0-rc1,compile,true,com.google.j2objc,j2objc-annotations,1.1
com.google.guava,guava,21.0-rc1,compile,true,org.codehaus.mojo,animal-sniffer-annotations,1.14
com.google.guava,guava,21.0-rc2,compile,true,com.google.code.findbugs,jsr305,1.3.9
com.google.guava,guava,21.0-rc2,compile,true,com.google.errorprone,error_prone_annotations,2.0.15
com.google.guava,guava,21.0-rc2,compile,true,com.google.j2objc,j2objc-annotations,1.1
com.google.guava,guava,21.0-rc2,compile,true,org.codehaus.mojo,animal-sniffer-annotations,1.14
com.google.guava,guava,22,compile,true,com.google.code.findbugs,jsr305,1.3.9
com.google.guava,guava,22,compile,true,com.google.errorprone,error_prone_annotations,2.0.18
com.google.errorprone,error_prone_annotations,2.0.18,compile,true,junit,junit-dep,4.1
com.google.guava,guava,22,compile,true,com.google.j2objc,j2objc-annotations,1.1
com.google.guava,guava,22,compile,true,org.codehaus.mojo,animal-sniffer-annotations,1.14
com.google.guava,guava,22.0-android,compile,true,com.google.code.findbugs,jsr305,1.3.9
com.google.guava,guava,22.0-android,compile,true,com.google.errorprone,error_prone_annotations,2.0.18
com.google.guava,guava,22.0-android,compile,true,com.google.j2objc,j2objc-annotations,1.1
com.google.guava,guava,22.0-android,compile,true,org.codehaus.mojo,animal-sniffer-annotations,1.14
com.google.guava,guava,22.0-rc1,compile,true,com.google.code.findbugs,jsr305,1.3.9
com.google.guava,guava,22.0-rc1,compile,true,com.google.errorprone,error_prone_annotations,2.0.18
com.google.guava,guava,22.0-rc1,compile,true,com.google.j2objc,j2objc-annotations,1.1
com.google.guava,guava,22.0-rc1,compile,true,org.codehaus.mojo,animal-sniffer-annotations,1.14
com.google.guava,guava,22.0-rc1-android,compile,true,com.google.code.findbugs,jsr305,1.3.9
com.google.guava,guava,22.0-rc1-android,compile,true,com.google.errorprone,error_prone_annotations,2.0.18
com.google.guava,guava,22.0-rc1-android,compile,true,com.google.j2objc,j2objc-annotations,1.1
com.google.guava,guava,22.0-rc1-android,compile,true,org.codehaus.mojo,animal-sniffer-annotations,1.14
com.google.guava,guava,23,compile,true,com.google.code.findbugs,jsr305,1.3.9
com.google.guava,guava,23,compile,true,com.google.errorprone,error_prone_annotations,2.0.18
com.google.guava,guava,23,compile,true,com.google.j2objc,j2objc-annotations,1.1
com.google.guava,guava,23,compile,true,org.codehaus.mojo,animal-sniffer-annotations,1.14
com.google.guava,guava,23.0-android,compile,true,com.google.code.findbugs,jsr305,1.3.9
com.google.guava,guava,23.0-android,compile,true,com.google.errorprone,error_prone_annotations,2.0.18
com.google.guava,guava,23.0-android,compile,true,com.google.j2objc,j2objc-annotations,1.1
com.google.guava,guava,23.0-android,compile,true,org.codehaus.mojo,animal-sniffer-annotations,1.14
com.google.guava,guava,23.0-rc1,compile,true,com.google.code.findbugs,jsr305,1.3.9
com.google.guava,guava,23.0-rc1,compile,true,com.google.errorprone,error_prone_annotations,2.0.18
com.google.guava,guava,23.0-rc1,compile,true,com.google.j2objc,j2objc-annotations,1.1
com.google.guava,guava,23.0-rc1,compile,true,org.codehaus.mojo,animal-sniffer-annotations,1.14
com.google.guava,guava,23.0-rc1-android,compile,true,com.google.code.findbugs,jsr305,1.3.9
com.google.guava,guava,23.0-rc1-android,compile,true,com.google.errorprone,error_prone_annotations,2.0.18
com.google.guava,guava,23.0-rc1-android,compile,true,com.google.j2objc,j2objc-annotations,1.1
com.google.guava,guava,23.0-rc1-android,compile,true,org.codehaus.mojo,animal-sniffer-annotations,1.14
com.google.guava,guava,23.1-android,compile,true,com.google.code.findbugs,jsr305,1.3.9
com.google.guava,guava,23.1-android,compile,true,com.google.errorprone,error_prone_annotations,2.0.18
com.google.guava,guava,23.1-android,compile,true,com.google.j2objc,j2objc-annotations,1.1
com.google.guava,guava,23.1-android,compile,true,org.codehaus.mojo,animal-sniffer-annotations,1.14
com.google.guava,guava,23.1-jre,compile,true,com.google.code.findbugs,jsr305,1.3.9
com.google.guava,guava,23.1-jre,compile,true,com.google.errorprone,error_prone_annotations,2.0.18
com.google.guava,guava,23.1-jre,compile,true,com.google.j2objc,j2objc-annotations,1.1
com.google.guava,guava,23.1-jre,compile,true,org.codehaus.mojo,animal-sniffer-annotations,1.14
com.google.guava,guava,23.2-android,compile,true,com.google.code.findbugs,jsr305,1.3.9
com.google.guava,guava,23.2-android,compile,true,com.google.errorprone,error_prone_annotations,2.0.18
com.google.guava,guava,23.2-android,compile,true,com.google.j2objc,j2objc-annotations,1.1
com.google.guava,guava,23.2-android,compile,true,org.codehaus.mojo,animal-sniffer-annotations,1.14
com.google.guava,guava,23.2-jre,compile,true,com.google.code.findbugs,jsr305,1.3.9
com.google.guava,guava,23.2-jre,compile,true,com.google.errorprone,error_prone_annotations,2.0.18
com.google.guava,guava,23.2-jre,compile,true,com.google.j2objc,j2objc-annotations,1.1
com.google.guava,guava,23.2-jre,compile,true,org.codehaus.mojo,animal-sniffer-annotations,1.14
com.google.guava,guava,23.3-android,compile,true,com.google.code.findbugs,jsr305,1.3.9
com.google.guava,guava,23.3-android,compile,true,com.google.errorprone,error_prone_annotations,2.0.18
com.google.guava,guava,23.3-android,compile,true,com.google.j2objc,j2objc-annotations,1.1
com.google.guava,guava,23.3-android,compile,true,org.codehaus.mojo,animal-sniffer-annotations,1.14
com.google.guava,guava,23.3-jre,compile,true,com.google.code.findbugs,jsr305,1.3.9
com.google.guava,guava,23.3-jre,compile,true,com.google.errorprone,error_prone_annotations,2.0.18
com.google.guava,guava,23.3-jre,compile,true,com.google.j2objc,j2objc-annotations,1.1
com.google.guava,guava,23.3-jre,compile,true,org.codehaus.mojo,animal-sniffer-annotations,1.14
com.google.guava,guava,23.4-android,compile,true,com.google.code.findbugs,jsr305,1.3.9
com.google.guava,guava,23.4-android,compile,true,com.google.errorprone,error_prone_annotations,2.0.18
com.google.guava,guava,23.4-android,compile,true,com.google.j2objc,j2objc-annotations,1.1
com.google.guava,guava,23.4-android,compile,true,org.codehaus.mojo,animal-sniffer-annotations,1.14
com.google.guava,guava,23.4-jre,compile,true,com.google.code.findbugs,jsr305,1.3.9
com.google.guava,guava,23.4-jre,compile,true,com.google.errorprone,error_prone_annotations,2.0.18
com.google.guava,guava,23.4-jre,compile,true,com.google.j2objc,j2objc-annotations,1.1
com.google.guava,guava,23.4-jre,compile,true,org.codehaus.mojo,animal-sniffer-annotations,1.14
com.google.guava,guava,23.5-android,compile,true,com.google.code.findbugs,jsr305,1.3.9
com.google.guava,guava,23.5-android,compile,true,org.checkerframework,checker-qual,2.0.0
com.google.guava,guava,23.5-android,compile,true,com.google.errorprone,error_prone_annotations,2.0.18
com.google.guava,guava,23.5-android,compile,true,com.google.j2objc,j2objc-annotations,1.1
com.google.guava,guava,23.5-android,compile,true,org.codehaus.mojo,animal-sniffer-annotations,1.14
com.google.guava,guava,23.5-jre,compile,true,com.google.code.findbugs,jsr305,1.3.9
com.google.guava,guava,23.5-jre,compile,true,org.checkerframework,checker-qual,2.0.0
com.google.guava,guava,23.5-jre,compile,true,com.google.errorprone,error_prone_annotations,2.0.18
com.google.guava,guava,23.5-jre,compile,true,com.google.j2objc,j2objc-annotations,1.1
com.google.guava,guava,23.5-jre,compile,true,org.codehaus.mojo,animal-sniffer-annotations,1.14
com.google.guava,guava,23.6-android,compile,true,com.google.code.findbugs,jsr305,1.3.9
com.google.guava,guava,23.6-android,compile,true,org.checkerframework,checker-compat-qual,2.0.0
com.google.guava,guava,23.6-android,compile,true,com.google.errorprone,error_prone_annotations,2.1.3
com.google.guava,guava,23.6-android,compile,true,com.google.j2objc,j2objc-annotations,1.1
com.google.guava,guava,23.6-android,compile,true,org.codehaus.mojo,animal-sniffer-annotations,1.14
com.google.guava,guava,23.6-jre,compile,true,com.google.code.findbugs,jsr305,1.3.9
com.google.guava,guava,23.6-jre,compile,true,org.checkerframework,checker-compat-qual,2.0.0
com.google.guava,guava,23.6-jre,compile,true,com.google.errorprone,error_prone_annotations,2.1.3
com.google.guava,guava,23.6-jre,compile,true,com.google.j2objc,j2objc-annotations,1.1
com.google.guava,guava,23.6-jre,compile,true,org.codehaus.mojo,animal-sniffer-annotations,1.14
com.google.guava,guava,23.6.1-android,compile,true,com.google.code.findbugs,jsr305,1.3.9
com.google.guava,guava,23.6.1-android,compile,true,org.checkerframework,checker-compat-qual,2.0.0
com.google.guava,guava,23.6.1-android,compile,true,com.google.errorprone,error_prone_annotations,2.1.3
com.google.guava,guava,23.6.1-android,compile,true,com.google.j2objc,j2objc-annotations,1.1
com.google.guava,guava,23.6.1-android,compile,true,org.codehaus.mojo,animal-sniffer-annotations,1.14
com.google.guava,guava,23.6.1-jre,compile,true,com.google.code.findbugs,jsr305,1.3.9
com.google.guava,guava,23.6.1-jre,compile,true,org.checkerframework,checker-compat-qual,2.0.0
com.google.guava,guava,23.6.1-jre,compile,true,com.google.errorprone,error_prone_annotations,2.1.3
com.google.guava,guava,23.6.1-jre,compile,true,com.google.j2objc,j2objc-annotations,1.1
com.google.guava,guava,23.6.1-jre,compile,true,org.codehaus.mojo,animal-sniffer-annotations,1.14
com.google.guava,guava,24.0-android,compile,true,com.google.code.findbugs,jsr305,1.3.9
com.google.guava,guava,24.0-android,compile,true,org.checkerframework,checker-compat-qual,2.0.0
com.google.guava,guava,24.0-android,compile,true,com.google.errorprone,error_prone_annotations,2.1.3
com.google.guava,guava,24.0-android,compile,true,com.google.j2objc,j2objc-annotations,1.1
com.google.guava,guava,24.0-android,compile,true,org.codehaus.mojo,animal-sniffer-annotations,1.14
com.google.guava,guava,24.0-jre,compile,true,com.google.code.findbugs,jsr305,1.3.9
com.google.guava,guava,24.0-jre,compile,true,org.checkerframework,checker-compat-qual,2.0.0
com.google.guava,guava,24.0-jre,compile,true,com.google.errorprone,error_prone_annotations,2.1.3
com.google.guava,guava,24.0-jre,compile,true,com.google.j2objc,j2objc-annotations,1.1
com.google.guava,guava,24.0-jre,compile,true,org.codehaus.mojo,animal-sniffer-annotations,1.14
com.google.guava,guava,24.1-android,compile,true,com.google.code.findbugs,jsr305,1.3.9
com.google.guava,guava,24.1-android,compile,true,org.checkerframework,checker-compat-qual,2.0.0
com.google.guava,guava,24.1-android,compile,true,com.google.errorprone,error_prone_annotations,2.1.3
com.google.guava,guava,24.1-android,compile,true,com.google.j2objc,j2objc-annotations,1.1
com.google.guava,guava,24.1-android,compile,true,org.codehaus.mojo,animal-sniffer-annotations,1.14
com.google.guava,guava,24.1-jre,compile,true,com.google.code.findbugs,jsr305,1.3.9
com.google.guava,guava,24.1-jre,compile,true,org.checkerframework,checker-compat-qual,2.0.0
com.google.guava,guava,24.1-jre,compile,true,com.google.errorprone,error_prone_annotations,2.1.3
com.google.guava,guava,24.1-jre,compile,true,com.google.j2objc,j2objc-annotations,1.1
com.google.guava,guava,24.1-jre,compile,true,org.codehaus.mojo,animal-sniffer-annotations,1.14
com.google.guava,guava,24.1.1-android,compile,true,com.google.code.findbugs,jsr305,1.3.9
com.google.guava,guava,24.1.1-android,compile,true,org.checkerframework,checker-compat-qual,2.0.0
com.google.guava,guava,24.1.1-android,compile,true,com.google.errorprone,error_prone_annotations,2.1.3
com.google.guava,guava,24.1.1-android,compile,true,com.google.j2objc,j2objc-annotations,1.1
com.google.guava,guava,24.1.1-android,compile,true,org.codehaus.mojo,animal-sniffer-annotations,1.14
com.google.guava,guava,24.1.1-jre,compile,true,com.google.code.findbugs,jsr305,1.3.9
com.google.guava,guava,24.1.1-jre,compile,true,org.checkerframework,checker-compat-qual,2.0.0
com.google.guava,guava,24.1.1-jre,compile,true,com.google.errorprone,error_prone_annotations,2.1.3
com.google.guava,guava,24.1.1-jre,compile,true,com.google.j2objc,j2objc-annotations,1.1
com.google.guava,guava,24.1.1-jre,compile,true,org.codehaus.mojo,animal-sniffer-annotations,1.14
com.google.guava,guava,25.0-android,compile,true,com.google.code.findbugs,jsr305,1.3.9
com.google.guava,guava,25.0-android,compile,true,org.checkerframework,checker-compat-qual,2.0.0
com.google.guava,guava,25.0-android,compile,true,com.google.errorprone,error_prone_annotations,2.1.3
com.google.guava,guava,25.0-android,compile,true,com.google.j2objc,j2objc-annotations,1.1
com.google.guava,guava,25.0-android,compile,true,org.codehaus.mojo,animal-sniffer-annotations,1.14
com.google.guava,guava,25.0-jre,compile,true,com.google.code.findbugs,jsr305,1.3.9
com.google.guava,guava,25.0-jre,compile,true,org.checkerframework,checker-compat-qual,2.0.0
com.google.guava,guava,25.0-jre,compile,true,com.google.errorprone,error_prone_annotations,2.1.3
com.google.guava,guava,25.0-jre,compile,true,com.google.j2objc,j2objc-annotations,1.1
com.google.guava,guava,25.0-jre,compile,true,org.codehaus.mojo,animal-sniffer-annotations,1.14
com.google.guava,guava,25.1-android,compile,true,com.google.code.findbugs,jsr305,3.0.2
com.google.guava,guava,25.1-android,compile,true,org.checkerframework,checker-compat-qual,2.0.0
com.google.guava,guava,25.1-android,compile,true,com.google.errorprone,error_prone_annotations,2.1.3
com.google.guava,guava,25.1-android,compile,true,com.google.j2objc,j2objc-annotations,1.1
com.google.guava,guava,25.1-android,compile,true,org.codehaus.mojo,animal-sniffer-annotations,1.14
com.google.guava,guava,25.1-jre,compile,true,com.google.code.findbugs,jsr305,3.0.2
com.google.guava,guava,25.1-jre,compile,true,org.checkerframework,checker-qual,2.0.0
com.google.guava,guava,25.1-jre,compile,true,com.google.errorprone,error_prone_annotations,2.1.3
com.google.guava,guava,25.1-jre,compile,true,com.google.j2objc,j2objc-annotations,1.1
com.google.guava,guava,25.1-jre,compile,true,org.codehaus.mojo,animal-sniffer-annotations,1.14
com.google.guava,guava,26.0-android,compile,true,com.google.code.findbugs,jsr305,3.0.2
com.google.guava,guava,26.0-android,compile,true,org.checkerframework,checker-compat-qual,2.5.2
com.google.guava,guava,26.0-android,compile,true,com.google.errorprone,error_prone_annotations,2.1.3
com.google.guava,guava,26.0-android,compile,true,com.google.j2objc,j2objc-annotations,1.1
com.google.guava,guava,26.0-android,compile,true,org.codehaus.mojo,animal-sniffer-annotations,1.14
com.google.guava,guava,26.0-jre,compile,true,com.google.code.findbugs,jsr305,3.0.2
com.google.guava,guava,26.0-jre,compile,true,org.checkerframework,checker-qual,2.5.2
com.google.guava,guava,26.0-jre,compile,true,com.google.errorprone,error_prone_annotations,2.1.3
com.google.guava,guava,26.0-jre,compile,true,com.google.j2objc,j2objc-annotations,1.1
com.google.guava,guava,26.0-jre,compile,true,org.codehaus.mojo,animal-sniffer-annotations,1.14
com.google.guava,guava,27.0-android,compile,true,com.google.guava,failureaccess,1
com.google.guava,guava,27.0-android,compile,true,com.google.guava,listenablefuture,9999.0-empty-to-avoid-conflict-with-guava
com.google.guava,guava,27.0-android,compile,true,com.google.code.findbugs,jsr305,3.0.2
com.google.guava,guava,27.0-android,compile,true,org.checkerframework,checker-compat-qual,2.5.2
com.google.guava,guava,27.0-android,compile,true,com.google.errorprone,error_prone_annotations,2.2.0
com.google.guava,guava,27.0-android,compile,true,com.google.j2objc,j2objc-annotations,1.1
com.google.guava,guava,27.0-android,compile,true,org.codehaus.mojo,animal-sniffer-annotations,1.17
com.google.guava,guava,27.0-jre,compile,true,com.google.guava,failureaccess,1
com.google.guava,guava,27.0-jre,compile,true,com.google.guava,listenablefuture,9999.0-empty-to-avoid-conflict-with-guava
com.google.guava,guava,27.0-jre,compile,true,com.google.code.findbugs,jsr305,3.0.2
com.google.guava,guava,27.0-jre,compile,true,org.checkerframework,checker-qual,2.5.2
com.google.guava,guava,27.0-jre,compile,true,com.google.errorprone,error_prone_annotations,2.2.0
com.google.guava,guava,27.0-jre,compile,true,com.google.j2objc,j2objc-annotations,1.1
com.google.guava,guava,27.0-jre,compile,true,org.codehaus.mojo,animal-sniffer-annotations,1.17
com.google.guava,guava,27.0.1-android,compile,true,com.google.guava,failureaccess,1.0.1
com.google.guava,guava,27.0.1-android,compile,true,com.google.guava,listenablefuture,9999.0-empty-to-avoid-conflict-with-guava
com.google.guava,guava,27.0.1-android,compile,true,com.google.code.findbugs,jsr305,3.0.2
com.google.guava,guava,27.0.1-android,compile,true,org.checkerframework,checker-compat-qual,2.5.2
com.google.guava,guava,27.0.1-android,compile,true,com.google.errorprone,error_prone_annotations,2.2.0
com.google.guava,guava,27.0.1-android,compile,true,com.google.j2objc,j2objc-annotations,1.1
com.google.guava,guava,27.0.1-android,compile,true,org.codehaus.mojo,animal-sniffer-annotations,1.17
com.google.guava,guava,27.0.1-jre,compile,true,com.google.guava,failureaccess,1.0.1
com.google.guava,guava,27.0.1-jre,compile,true,com.google.guava,listenablefuture,9999.0-empty-to-avoid-conflict-with-guava
com.google.guava,guava,27.0.1-jre,compile,true,com.google.code.findbugs,jsr305,3.0.2
com.google.guava,guava,27.0.1-jre,compile,true,org.checkerframework,checker-qual,2.5.2
com.google.guava,guava,27.0.1-jre,compile,true,com.google.errorprone,error_prone_annotations,2.2.0
com.google.guava,guava,27.0.1-jre,compile,true,com.google.j2objc,j2objc-annotations,1.1
com.google.guava,guava,27.0.1-jre,compile,true,org.codehaus.mojo,animal-sniffer-annotations,1.17
com.google.guava,guava,27.1-android,compile,true,com.google.guava,failureaccess,1.0.1
com.google.guava,guava,27.1-android,compile,true,com.google.guava,listenablefuture,9999.0-empty-to-avoid-conflict-with-guava
com.google.guava,guava,27.1-android,compile,true,com.google.code.findbugs,jsr305,3.0.2
com.google.guava,guava,27.1-android,compile,true,org.checkerframework,checker-compat-qual,2.5.2
com.google.guava,guava,27.1-android,compile,true,com.google.errorprone,error_prone_annotations,2.2.0
com.google.guava,guava,27.1-android,compile,true,com.google.j2objc,j2objc-annotations,1.1
com.google.guava,guava,27.1-android,compile,true,org.codehaus.mojo,animal-sniffer-annotations,1.17
com.google.guava,guava,27.1-jre,compile,true,com.google.guava,failureaccess,1.0.1
com.google.guava,guava,27.1-jre,compile,true,com.google.guava,listenablefuture,9999.0-empty-to-avoid-conflict-with-guava
com.google.guava,guava,27.1-jre,compile,true,com.google.code.findbugs,jsr305,3.0.2
com.google.guava,guava,27.1-jre,compile,true,org.checkerframework,checker-qual,2.5.2
com.google.guava,guava,27.1-jre,compile,true,com.google.errorprone,error_prone_annotations,2.2.0
com.google.guava,guava,27.1-jre,compile,true,com.google.j2objc,j2objc-annotations,1.1
com.google.guava,guava,27.1-jre,compile,true,org.codehaus.mojo,animal-sniffer-annotations,1.17
com.google.guava,guava,28.0-android,compile,true,com.google.guava,failureaccess,1.0.1
com.google.guava,guava,28.0-android,compile,true,com.google.guava,listenablefuture,9999.0-empty-to-avoid-conflict-with-guava
com.google.guava,guava,28.0-android,compile,true,com.google.code.findbugs,jsr305,3.0.2
com.google.guava,guava,28.0-android,compile,true,org.checkerframework,checker-compat-qual,2.5.5
com.google.guava,guava,28.0-android,compile,true,com.google.errorprone,error_prone_annotations,2.3.2
com.google.guava,guava,28.0-android,compile,true,com.google.j2objc,j2objc-annotations,1.3
com.google.guava,guava,28.0-android,compile,true,org.codehaus.mojo,animal-sniffer-annotations,1.17
com.google.guava,guava,28.0-jre,compile,true,com.google.guava,failureaccess,1.0.1
com.google.guava,guava,28.0-jre,compile,true,com.google.guava,listenablefuture,9999.0-empty-to-avoid-conflict-with-guava
com.google.guava,guava,28.0-jre,compile,true,com.google.code.findbugs,jsr305,3.0.2
com.google.guava,guava,28.0-jre,compile,true,org.checkerframework,checker-qual,2.8.1
com.google.guava,guava,28.0-jre,compile,true,com.google.errorprone,error_prone_annotations,2.3.2
com.google.guava,guava,28.0-jre,compile,true,com.google.j2objc,j2objc-annotations,1.3
com.google.guava,guava,28.0-jre,compile,true,org.codehaus.mojo,animal-sniffer-annotations,1.17
com.google.guava,guava,28.1-android,compile,true,com.google.guava,failureaccess,1.0.1
com.google.guava,guava,28.1-android,compile,true,com.google.guava,listenablefuture,9999.0-empty-to-avoid-conflict-with-guava
com.google.guava,guava,28.1-android,compile,true,com.google.code.findbugs,jsr305,3.0.2
com.google.guava,guava,28.1-android,compile,true,org.checkerframework,checker-compat-qual,2.5.5
com.google.guava,guava,28.1-android,compile,true,com.google.errorprone,error_prone_annotations,2.3.2
com.google.guava,guava,28.1-android,compile,true,com.google.j2objc,j2objc-annotations,1.3
com.google.guava,guava,28.1-android,compile,true,org.codehaus.mojo,animal-sniffer-annotations,1.18
com.google.guava,guava,28.1-jre,compile,true,com.google.guava,failureaccess,1.0.1
com.google.guava,guava,28.1-jre,compile,true,com.google.guava,listenablefuture,9999.0-empty-to-avoid-conflict-with-guava
com.google.guava,guava,28.1-jre,compile,true,com.google.code.findbugs,jsr305,3.0.2
com.google.guava,guava,28.1-jre,compile,true,org.checkerframework,checker-qual,2.8.1
com.google.guava,guava,28.1-jre,compile,true,com.google.errorprone,error_prone_annotations,2.3.2
com.google.guava,guava,28.1-jre,compile,true,com.google.j2objc,j2objc-annotations,1.3
com.google.guava,guava,28.1-jre,compile,true,org.codehaus.mojo,animal-sniffer-annotations,1.18
com.google.guava,guava,28.2-android,compile,true,com.google.guava,failureaccess,1.0.1
com.google.guava,guava,28.2-android,compile,true,com.google.guava,listenablefuture,9999.0-empty-to-avoid-conflict-with-guava
com.google.guava,guava,28.2-android,compile,true,com.google.code.findbugs,jsr305,3.0.2
com.google.guava,guava,28.2-android,compile,true,org.checkerframework,checker-compat-qual,2.5.5
com.google.guava,guava,28.2-android,compile,true,com.google.errorprone,error_prone_annotations,2.3.4
com.google.errorprone,error_prone_annotations,2.3.4,compile,true,junit,junit,4.13-beta-1
com.google.guava,guava,28.2-android,compile,true,com.google.j2objc,j2objc-annotations,1.3
com.google.guava,guava,28.2-jre,compile,true,com.google.guava,failureaccess,1.0.1
com.google.guava,guava,28.2-jre,compile,true,com.google.guava,listenablefuture,9999.0-empty-to-avoid-conflict-with-guava
com.google.guava,guava,28.2-jre,compile,true,com.google.code.findbugs,jsr305,3.0.2
com.google.guava,guava,28.2-jre,compile,true,org.checkerframework,checker-qual,2.10.0
com.google.guava,guava,28.2-jre,compile,true,com.google.errorprone,error_prone_annotations,2.3.4
com.google.guava,guava,28.2-jre,compile,true,com.google.j2objc,j2objc-annotations,1.3
com.google.guava,guava,29.0-android,compile,true,com.google.guava,failureaccess,1.0.1
com.google.guava,guava,29.0-android,compile,true,com.google.guava,listenablefuture,9999.0-empty-to-avoid-conflict-with-guava
com.google.guava,guava,29.0-android,compile,true,com.google.code.findbugs,jsr305,3.0.2
com.google.guava,guava,29.0-android,compile,true,org.checkerframework,checker-compat-qual,2.5.5
com.google.guava,guava,29.0-android,compile,true,com.google.errorprone,error_prone_annotations,2.3.4
com.google.guava,guava,29.0-android,compile,true,com.google.j2objc,j2objc-annotations,1.3
com.google.guava,guava,29.0-jre,compile,true,com.google.guava,failureaccess,1.0.1
com.google.guava,guava,29.0-jre,compile,true,com.google.guava,listenablefuture,9999.0-empty-to-avoid-conflict-with-guava
com.google.guava,guava,29.0-jre,compile,true,com.google.code.findbugs,jsr305,3.0.2
com.google.guava,guava,29.0-jre,compile,true,org.checkerframework,checker-qual,2.11.1
com.google.guava,guava,29.0-jre,compile,true,com.google.errorprone,error_prone_annotations,2.3.4
com.google.guava,guava,29.0-jre,compile,true,com.google.j2objc,j2objc-annotations,1.3
com.google.guava,guava,30.0-android,compile,true,com.google.guava,failureaccess,1.0.1
com.google.guava,guava,30.0-android,compile,true,com.google.guava,listenablefuture,9999.0-empty-to-avoid-conflict-with-guava
com.google.guava,guava,30.0-android,compile,true,com.google.code.findbugs,jsr305,3.0.2
com.google.guava,guava,30.0-android,compile,true,org.checkerframework,checker-compat-qual,2.5.5
com.google.guava,guava,30.0-android,compile,true,com.google.errorprone,error_prone_annotations,2.3.4
com.google.guava,guava,30.0-android,compile,true,com.google.j2objc,j2objc-annotations,1.3
com.google.guava,guava,30.0-jre,compile,true,com.google.guava,failureaccess,1.0.1
com.google.guava,guava,30.0-jre,compile,true,com.google.guava,listenablefuture,9999.0-empty-to-avoid-conflict-with-guava
com.google.guava,guava,30.0-jre,compile,true,com.google.code.findbugs,jsr305,3.0.2
com.google.guava,guava,30.0-jre,compile,true,org.checkerframework,checker-qual,3.5.0
com.google.guava,guava,30.0-jre,compile,true,com.google.errorprone,error_prone_annotations,2.3.4
com.google.guava,guava,30.0-jre,compile,true,com.google.j2objc,j2objc-annotations,1.3
com.google.guava,guava,30.1-android,compile,true,com.google.guava,failureaccess,1.0.1
com.google.guava,guava,30.1-android,compile,true,com.google.guava,listenablefuture,9999.0-empty-to-avoid-conflict-with-guava
com.google.guava,guava,30.1-android,compile,true,com.google.code.findbugs,jsr305,3.0.2
com.google.guava,guava,30.1-android,compile,true,org.checkerframework,checker-compat-qual,2.5.5
com.google.guava,guava,30.1-android,compile,true,com.google.errorprone,error_prone_annotations,2.3.4
com.google.guava,guava,30.1-android,compile,true,com.google.j2objc,j2objc-annotations,1.3
com.google.guava,guava,30.1-jre,compile,true,com.google.guava,failureaccess,1.0.1
com.google.guava,guava,30.1-jre,compile,true,com.google.guava,listenablefuture,9999.0-empty-to-avoid-conflict-with-guava
com.google.guava,guava,30.1-jre,compile,true,com.google.code.findbugs,jsr305,3.0.2
com.google.guava,guava,30.1-jre,compile,true,org.checkerframework,checker-qual,3.5.0
com.google.guava,guava,30.1-jre,compile,true,com.google.errorprone,error_prone_annotations,2.3.4
com.google.guava,guava,30.1-jre,compile,true,com.google.j2objc,j2objc-annotations,1.3
com.google.guava,guava,30.1.1-android,compile,true,com.google.guava,failureaccess,1.0.1
com.google.guava,guava,30.1.1-android,compile,true,com.google.guava,listenablefuture,9999.0-empty-to-avoid-conflict-with-guava
com.google.guava,guava,30.1.1-android,compile,true,com.google.code.findbugs,jsr305,3.0.2
com.google.guava,guava,30.1.1-android,compile,true,org.checkerframework,checker-compat-qual,2.5.5
com.google.guava,guava,30.1.1-android,compile,true,com.google.errorprone,error_prone_annotations,2.5.1
com.google.errorprone,error_prone_annotations,2.5.1,compile,true,junit,junit,4.13.1
com.google.guava,guava,30.1.1-android,compile,true,com.google.j2objc,j2objc-annotations,1.3
com.google.guava,guava,30.1.1-jre,compile,true,com.google.guava,failureaccess,1.0.1
com.google.guava,guava,30.1.1-jre,compile,true,com.google.guava,listenablefuture,9999.0-empty-to-avoid-conflict-with-guava
com.google.guava,guava,30.1.1-jre,compile,true,com.google.code.findbugs,jsr305,3.0.2
com.google.guava,guava,30.1.1-jre,compile,true,org.checkerframework,checker-qual,3.8.0
com.google.guava,guava,30.1.1-jre,compile,true,com.google.errorprone,error_prone_annotations,2.5.1
com.google.guava,guava,30.1.1-jre,compile,true,com.google.j2objc,j2objc-annotations,1.3
com.google.guava,guava,31.0-android,compile,true,com.google.guava,failureaccess,1.0.1
com.google.guava,guava,31.0-android,compile,true,com.google.guava,listenablefuture,9999.0-empty-to-avoid-conflict-with-guava
com.google.guava,guava,31.0-android,compile,true,com.google.code.findbugs,jsr305,3.0.2
com.google.guava,guava,31.0-android,compile,true,org.checkerframework,checker-qual,3.12.0
com.google.guava,guava,31.0-android,compile,true,org.checkerframework,checker-compat-qual,2.5.5
com.google.guava,guava,31.0-android,compile,true,com.google.errorprone,error_prone_annotations,2.7.1
com.google.errorprone,error_prone_annotations,2.7.1,compile,true,junit,junit,4.13.1
com.google.guava,guava,31.0-android,compile,true,com.google.j2objc,j2objc-annotations,1.3
com.google.guava,guava,31.0-jre,compile,true,com.google.guava,failureaccess,1.0.1
com.google.guava,guava,31.0-jre,compile,true,com.google.guava,listenablefuture,9999.0-empty-to-avoid-conflict-with-guava
com.google.guava,guava,31.0-jre,compile,true,com.google.code.findbugs,jsr305,3.0.2
com.google.guava,guava,31.0-jre,compile,true,org.checkerframework,checker-qual,3.12.0
com.google.guava,guava,31.0-jre,compile,true,com.google.errorprone,error_prone_annotations,2.7.1
com.google.guava,guava,31.0-jre,compile,true,com.google.j2objc,j2objc-annotations,1.3
com.google.guava,guava,31.0.1-android,compile,true,com.google.guava,failureaccess,1.0.1
com.google.guava,guava,31.0.1-android,compile,true,com.google.guava,listenablefuture,9999.0-empty-to-avoid-conflict-with-guava
com.google.guava,guava,31.0.1-android,compile,true,com.google.code.findbugs,jsr305,3.0.2
com.google.guava,guava,31.0.1-android,compile,true,org.checkerframework,checker-qual,3.12.0
com.google.guava,guava,31.0.1-android,compile,true,org.checkerframework,checker-compat-qual,2.5.5
com.google.guava,guava,31.0.1-android,compile,true,com.google.errorprone,error_prone_annotations,2.7.1
com.google.guava,guava,31.0.1-android,compile,true,com.google.j2objc,j2objc-annotations,1.3
com.google.guava,guava,31.0.1-jre,compile,true,com.google.guava,failureaccess,1.0.1
com.google.guava,guava,31.0.1-jre,compile,true,com.google.guava,listenablefuture,9999.0-empty-to-avoid-conflict-with-guava
com.google.guava,guava,31.0.1-jre,compile,true,com.google.code.findbugs,jsr305,3.0.2
com.google.guava,guava,31.0.1-jre,compile,true,org.checkerframework,checker-qual,3.12.0
com.google.guava,guava,31.0.1-jre,compile,true,com.google.errorprone,error_prone_annotations,2.7.1
com.google.guava,guava,31.0.1-jre,compile,true,com.google.j2objc,j2objc-annotations,1.3
com.google.guava,guava,31.1-android,compile,true,com.google.guava,failureaccess,1.0.1
com.google.guava,guava,31.1-android,compile,true,com.google.guava,listenablefuture,9999.0-empty-to-avoid-conflict-with-guava
com.google.guava,guava,31.1-android,compile,true,com.google.code.findbugs,jsr305,3.0.2
com.google.guava,guava,31.1-android,compile,true,org.checkerframework,checker-qual,3.12.0
com.google.guava,guava,31.1-android,compile,true,com.google.errorprone,error_prone_annotations,2.11.0
com.google.errorprone,error_prone_annotations,2.11.0,compile,true,junit,junit,4.13.1
com.google.guava,guava,31.1-android,compile,true,com.google.j2objc,j2objc-annotations,1.3
com.google.guava,guava,31.1-jre,compile,true,com.google.guava,failureaccess,1.0.1
com.google.guava,guava,31.1-jre,compile,true,com.google.guava,listenablefuture,9999.0-empty-to-avoid-conflict-with-guava
com.google.guava,guava,31.1-jre,compile,true,com.google.code.findbugs,jsr305,3.0.2
com.google.guava,guava,31.1-jre,compile,true,org.checkerframework,checker-qual,3.12.0
com.google.guava,guava,31.1-jre,compile,true,com.google.errorprone,error_prone_annotations,2.11.0
com.google.guava,guava,31.1-jre,compile,true,com.google.j2objc,j2objc-annotations,1.3
com.google.guava,guava,32.0.0-android,compile,true,com.google.guava,failureaccess,1.0.1
com.google.guava,guava,32.0.0-android,compile,true,com.google.guava,listenablefuture,9999.0-empty-to-avoid-conflict-with-guava
com.google.guava,guava,32.0.0-android,compile,true,com.google.code.findbugs,jsr305,3.0.2
com.google.guava,guava,32.0.0-android,compile,true,org.checkerframework,checker-qual,3.33.0
com.google.guava,guava,32.0.0-android,compile,true,com.google.errorprone,error_prone_annotations,2.18.0
com.google.errorprone,error_prone_annotations,2.18.0,compile,true,junit,junit,4.13.2
com.google.guava,guava,32.0.0-android,compile,true,com.google.j2objc,j2objc-annotations,2.8
com.google.guava,guava,32.0.0-jre,compile,true,com.google.guava,failureaccess,1.0.1
com.google.guava,guava,32.0.0-jre,compile,true,com.google.guava,listenablefuture,9999.0-empty-to-avoid-conflict-with-guava
com.google.guava,guava,32.0.0-jre,compile,true,com.google.code.findbugs,jsr305,3.0.2
com.google.guava,guava,32.0.0-jre,compile,true,org.checkerframework,checker-qual,3.33.0
com.google.guava,guava,32.0.0-jre,compile,true,com.google.errorprone,error_prone_annotations,2.18.0
com.google.guava,guava,32.0.0-jre,compile,true,com.google.j2objc,j2objc-annotations,2.8
com.google.guava,guava,32.0.1-android,compile,true,com.google.guava,failureaccess,1.0.1
com.google.guava,guava,32.0.1-android,compile,true,com.google.guava,listenablefuture,9999.0-empty-to-avoid-conflict-with-guava
com.google.guava,guava,32.0.1-android,compile,true,com.google.code.findbugs,jsr305,3.0.2
com.google.guava,guava,32.0.1-android,compile,true,org.checkerframework,checker-qual,3.33.0
com.google.guava,guava,32.0.1-android,compile,true,com.google.errorprone,error_prone_annotations,2.18.0
com.google.guava,guava,32.0.1-android,compile,true,com.google.j2objc,j2objc-annotations,2.8
com.google.guava,guava,32.0.1-jre,compile,true,com.google.guava,failureaccess,1.0.1
com.google.guava,guava,32.0.1-jre,compile,true,com.google.guava,listenablefuture,9999.0-empty-to-avoid-conflict-with-guava
com.google.guava,guava,32.0.1-jre,compile,true,com.google.code.findbugs,jsr305,3.0.2
com.google.guava,guava,32.0.1-jre,compile,true,org.checkerframework,checker-qual,3.33.0
com.google.guava,guava,32.0.1-jre,compile,true,com.google.errorprone,error_prone_annotations,2.18.0
com.google.guava,guava,32.0.1-jre,compile,true,com.google.j2objc,j2objc-annotations,2.8
com.google.guava,guava,32.1.0-android,compile,true,com.google.guava,failureaccess,1.0.1
com.google.guava,guava,32.1.0-android,compile,true,com.google.guava,listenablefuture,9999.0-empty-to-avoid-conflict-with-guava
com.google.guava,guava,32.1.0-android,compile,true,com.google.code.findbugs,jsr305,3.0.2
com.google.guava,guava,32.1.0-android,compile,true,org.checkerframework,checker-qual,3.33.0
com.google.guava,guava,32.1.0-android,compile,true,com.google.errorprone,error_prone_annotations,2.18.0
com.google.guava,guava,32.1.0-android,compile,true,com.google.j2objc,j2objc-annotations,2.8
com.google.guava,guava,32.1.0-jre,compile,true,com.google.guava,failureaccess,1.0.1
com.google.guava,guava,32.1.0-jre,compile,true,com.google.guava,listenablefuture,9999.0-empty-to-avoid-conflict-with-guava
com.google.guava,guava,32.1.0-jre,compile,true,com.google.code.findbugs,jsr305,3.0.2
com.google.guava,guava,32.1.0-jre,compile,true,org.checkerframework,checker-qual,3.33.0
com.google.guava,guava,32.1.0-jre,compile,true,com.google.errorprone,error_prone_annotations,2.18.0
com.google.guava,guava,32.1.0-jre,compile,true,com.google.j2objc,j2objc-annotations,2.8
com.google.guava,guava,32.1.1-android,compile,true,com.google.guava,failureaccess,1.0.1
com.google.guava,guava,32.1.1-android,compile,true,com.google.guava,listenablefuture,9999.0-empty-to-avoid-conflict-with-guava
com.google.guava,guava,32.1.1-android,compile,true,com.google.code.findbugs,jsr305,3.0.2
com.google.guava,guava,32.1.1-android,compile,true,org.checkerframework,checker-qual,3.33.0
com.google.guava,guava,32.1.1-android,compile,true,com.google.errorprone,error_prone_annotations,2.18.0
com.google.guava,guava,32.1.1-android,compile,true,com.google.j2objc,j2objc-annotations,2.8
com.google.guava,guava,32.1.1-jre,compile,true,com.google.guava,failureaccess,1.0.1
com.google.guava,guava,32.1.1-jre,compile,true,com.google.guava,listenablefuture,9999.0-empty-to-avoid-conflict-with-guava
com.google.guava,guava,32.1.1-jre,compile,true,com.google.code.findbugs,jsr305,3.0.2
com.google.guava,guava,32.1.1-jre,compile,true,org.checkerframework,checker-qual,3.33.0
com.google.guava,guava,32.1.1-jre,compile,true,com.google.errorprone,error_prone_annotations,2.18.0
com.google.guava,guava,32.1.1-jre,compile,true,com.google.j2objc,j2objc-annotations,2.8
com.google.guava,guava,32.1.2-android,compile,true,com.google.guava,failureaccess,1.0.1
com.google.guava,guava,32.1.2-android,compile,true,com.google.guava,listenablefuture,9999.0-empty-to-avoid-conflict-with-guava
com.google.guava,guava,32.1.2-android,compile,true,com.google.code.findbugs,jsr305,3.0.2
com.google.guava,guava,32.1.2-android,compile,true,org.checkerframework,checker-qual,3.33.0
com.google.guava,guava,32.1.2-android,compile,true,com.google.errorprone,error_prone_annotations,2.18.0
com.google.guava,guava,32.1.2-android,compile,true,com.google.j2objc,j2objc-annotations,2.8
com.google.guava,guava,32.1.2-jre,compile,true,com.google.guava,failureaccess,1.0.1
com.google.guava,guava,32.1.2-jre,compile,true,com.google.guava,listenablefuture,9999.0-empty-to-avoid-conflict-with-guava
com.google.guava,guava,32.1.2-jre,compile,true,com.google.code.findbugs,jsr305,3.0.2
com.google.guava,guava,32.1.2-jre,compile,true,org.checkerframework,checker-qual,3.33.0
com.google.guava,guava,32.1.2-jre,compile,true,com.google.errorprone,error_prone_annotations,2.18.0
com.google.guava,guava,32.1.2-jre,compile,true,com.google.j2objc,j2objc-annotations,2.8
com.google.guava,guava,32.1.3-android,compile,true,com.google.guava,failureaccess,1.0.1
com.google.guava,guava,32.1.3-android,compile,true,com.google.guava,listenablefuture,9999.0-empty-to-avoid-conflict-with-guava
com.google.guava,guava,32.1.3-android,compile,true,com.google.code.findbugs,jsr305,3.0.2
com.google.guava,guava,32.1.3-android,compile,true,org.checkerframework,checker-qual,3.37.0
com.google.guava,guava,32.1.3-android,compile,true,com.google.errorprone,error_prone_annotations,2.21.1
com.google.errorprone,error_prone_annotations,2.21.1,compile,true,junit,junit,4.13.2
com.google.guava,guava,32.1.3-android,compile,true,com.google.j2objc,j2objc-annotations,2.8
com.google.guava,guava,32.1.3-jre,compile,true,com.google.guava,failureaccess,1.0.1
com.google.guava,guava,32.1.3-jre,compile,true,com.google.guava,listenablefuture,9999.0-empty-to-avoid-conflict-with-guava
com.google.guava,guava,32.1.3-jre,compile,true,com.google.code.findbugs,jsr305,3.0.2
com.google.guava,guava,32.1.3-jre,compile,true,org.checkerframework,checker-qual,3.37.0
com.google.guava,guava,32.1.3-jre,compile,true,com.google.errorprone,error_prone_annotations,2.21.1
com.google.guava,guava,32.1.3-jre,compile,true,com.google.j2objc,j2objc-annotations,2.8
com.google.guava,guava-parent,r03,compile,true,com.google.code.findbugs,jsr305,1.3.7
com.google.guava,guava,r05,compile,true,com.google.code.findbugs,jsr305,1.3.7
com.google.guava,guava,r05,compile,true,junit,junit,4.5
com.google.guava,guava,r06,compile,true,com.google.code.findbugs,jsr305,1.3.7
com.google.guava,guava,r06,compile,true,junit,junit,4.5
com.google.guava,guava,r07,compile,true,com.google.code.findbugs,jsr305,1.3.7
com.google.guava,guava,r07,compile,true,junit,junit,4.5
com.google.guava,guava,r08,compile,true,com.google.code.findbugs,jsr305,1.3.7
com.google.guava,guava,r08,compile,true,junit,junit,4.5
com.google.guava,guava,r09,compile,true,com.google.code.findbugs,jsr305,1.3.7
com.google.guava,guava,r09,compile,true,junit,junit,4.5
org.scala-lang,scala-library,2.10.0-M3,compile,true,com.typesafe,config,0.4.0
com.typesafe,config,0.4.0,compile,true,net.liftweb,lift-json_2.9.1,2.4
net.liftweb,lift-json_2.9.1,2.4,compile,true,org.scala-tools.testing,specs_2.9.1,1.6.9
org.scala-tools.testing,specs_2.9.1,1.6.9,compile,true,org.scala-lang,scala-library,2.9.1
org.scala-tools.testing,specs_2.9.1,1.6.9,compile,true,org.scala-lang,scala-compiler,2.9.1
org.scala-lang,scala-compiler,2.9.1,compile,true,org.scala-lang,scala-library,2.9.1
org.scala-lang,scala-compiler,2.9.1,compile,true,org.scala-lang,jline,2.9.1
org.scala-lang,jline,2.9.1,compile,true,org.fusesource.jansi,jansi,1.4
org.fusesource.jansi,jansi,1.4,compile,true,junit,junit,4.7
org.scala-tools.testing,specs_2.9.1,1.6.9,compile,true,junit,junit,4.7
org.scala-tools.testing,specs_2.9.1,1.6.9,compile,true,org.eclipse.mylyn.wikitext,wikitext,0.9.4.I20090220-1600-e3x
org.scala-tools.testing,specs_2.9.1,1.6.9,compile,true,org.eclipse.mylyn.wikitext,wikitext.textile,0.9.4.I20090220-1600-e3x
org.eclipse.mylyn.wikitext,wikitext.textile,0.9.4.I20090220-1600-e3x,compile,true,org.eclipse.mylyn.wikitext,wikitext,0.9.4.I20090220-1600-e3x
org.scala-tools.testing,specs_2.9.1,1.6.9,compile,true,org.markdownj,markdownj,0.3.0-1.0.2b4
org.markdownj,markdownj,0.3.0-1.0.2b4,compile,true,junit,junit,4.5
org.scala-tools.testing,specs_2.9.1,1.6.9,compile,true,org.scala-tools.testing,test-interface,0.5
org.scala-tools.testing,specs_2.9.1,1.6.9,compile,true,org.scalatest,scalatest_2.9.1,1.6.1
org.scalatest,scalatest_2.9.1,1.6.1,compile,true,org.scala-lang,scala-library,2.9.1
org.scalatest,scalatest_2.9.1,1.6.1,compile,true,org.scala-lang,scala-compiler,2.9.1
org.scalatest,scalatest_2.9.1,1.6.1,compile,true,org.scala-tools.testing,test-interface,0.5
org.scalatest,scalatest_2.9.1,1.6.1,compile,true,org.antlr,stringtemplate,3.2
org.antlr,stringtemplate,3.2,compile,true,junit,junit,3.8.1
org.antlr,stringtemplate,3.2,compile,true,antlr,antlr,2.7.7
org.scalatest,scalatest_2.9.1,1.6.1,compile,true,org.easymock,easymockclassextension,3
org.easymock,easymock-parent,3,compile,true,junit,junit,4.8.1
org.easymock,easymockclassextension,3,compile,true,org.easymock,easymock,3
org.easymock,easymock,3,compile,true,cglib,cglib-nodep,2.2
cglib,cglib-nodep,2.2,compile,true,ant,ant,1.6.2
org.easymock,easymock,3,compile,true,org.objenesis,objenesis,1.2
org.objenesis,objenesis-parent,1.2,compile,true,junit,junit,3.8.2
org.scalatest,scalatest_2.9.1,1.6.1,compile,true,org.jmock,jmock-legacy,2.5.1
org.jmock,jmock-legacy,2.5.1,compile,true,org.jmock,jmock,2.5.1
org.jmock,jmock,2.5.1,compile,true,org.hamcrest,hamcrest-core,1.1
org.jmock,jmock,2.5.1,compile,true,org.hamcrest,hamcrest-library,1.1
org.hamcrest,hamcrest-library,1.1,compile,true,org.hamcrest,hamcrest-core,1.1
org.jmock,jmock-legacy,2.5.1,compile,true,org.objenesis,objenesis,1
org.jmock,jmock-legacy,2.5.1,compile,true,cglib,cglib-nodep,2.1_3
org.scalatest,scalatest_2.9.1,1.6.1,compile,true,org.mockito,mockito-all,1.6
org.scalatest,scalatest_2.9.1,1.6.1,compile,true,org.testng,testng,5.7
org.testng,testng,5.7,compile,true,ant,ant,1.6.5
ant,ant,1.6.5,compile,true,xerces,xercesImpl,2.6.2
ant,ant,1.6.5,compile,true,xml-apis,xml-apis,1.3.04
org.testng,testng,5.7,compile,true,junit,junit,3.8.1
org.testng,testng,5.7,compile,true,qdox,qdox,1.6.1
org.testng,testng,5.7,compile,true,org.beanshell,bsh,2.0b4
org.scalatest,scalatest_2.9.1,1.6.1,compile,true,junit,junit,4.4
org.scalatest,scalatest_2.9.1,1.6.1,compile,true,net.sourceforge.cobertura,cobertura,1.9.1
net.sourceforge.cobertura,cobertura,1.9.1,compile,true,oro,oro,2.0.8
net.sourceforge.cobertura,cobertura,1.9.1,compile,true,asm,asm,3
net.sourceforge.cobertura,cobertura,1.9.1,compile,true,asm,asm-tree,3
asm,asm-tree,3,compile,true,asm,asm,3
net.sourceforge.cobertura,cobertura,1.9.1,compile,true,log4j,log4j,1.2.9
net.sourceforge.cobertura,cobertura,1.9.1,compile,true,org.apache.ant,ant,1.7.0
org.apache.ant,ant-parent,1.7.0,compile,true,junit,junit,3.8.2
org.apache.ant,ant,1.7.0,compile,true,org.apache.ant,ant-launcher,1.7.0
org.apache.ant,ant,1.7.0,compile,true,xerces,xercesImpl,2.8.1
xerces,xercesImpl,2.8.1,compile,true,xml-apis,xml-apis,1.3.03
xerces,xercesImpl,2.8.1,compile,true,xml-resolver,xml-resolver,1.1
org.apache.ant,ant,1.7.0,compile,true,xml-apis,xml-apis,1.3.03
org.scalatest,scalatest_2.9.1,1.6.1,compile,true,org.apache.commons,commons-io,1.3.2
org.scala-tools.testing,specs_2.9.1,1.6.9,compile,true,org.easymock,easymock,2.5.1
org.easymock,easymock,2.5.1,compile,true,junit,junit,4.6
org.scala-tools.testing,specs_2.9.1,1.6.9,compile,true,org.easymock,easymockclassextension,2.4
org.easymock,easymockclassextension,2.4,compile,true,org.easymock,easymock,2.4
org.easymock,easymock,2.4,compile,true,junit,junit,4.4
org.easymock,easymockclassextension,2.4,compile,true,cglib,cglib-nodep,2.1_3
org.easymock,easymockclassextension,2.4,compile,true,org.objenesis,objenesis,1.1
org.objenesis,objenesis-parent,1.1,compile,true,junit,junit,3.8.1
org.easymock,easymockclassextension,2.4,compile,true,junit,junit,4.4
org.scala-tools.testing,specs_2.9.1,1.6.9,compile,true,org.scala-tools.testing,scalacheck_2.9.1,1.9
org.scala-tools.testing,scalacheck_2.9.1,1.9,compile,true,org.scala-tools.testing,test-interface,0.5
org.scala-tools.testing,specs_2.9.1,1.6.9,compile,true,org.jmock,jmock,2.5.1
org.scala-tools.testing,specs_2.9.1,1.6.9,compile,true,org.jmock,jmock-legacy,2.5.1
org.scala-tools.testing,specs_2.9.1,1.6.9,compile,true,org.mockito,mockito-all,1.8.5
org.scala-tools.testing,specs_2.9.1,1.6.9,compile,true,cglib,cglib,2.1_3
cglib,cglib,2.1_3,compile,true,asm,asm,1.5.3
org.scala-tools.testing,specs_2.9.1,1.6.9,compile,true,org.objenesis,objenesis,1
net.liftweb,lift-json_2.9.1,2.4,compile,true,org.scala-tools.testing,scalacheck_2.9.1,1.9
net.liftweb,lift-json_2.9.1,2.4,compile,true,com.thoughtworks.paranamer,paranamer,2.3
com.thoughtworks.paranamer,paranamer-parent,2.3,compile,true,junit,junit,4.7
com.thoughtworks.paranamer,paranamer,2.3,compile,true,org.jmock,jmock,2.5.1
com.thoughtworks.paranamer,paranamer,2.3,compile,true,org.jmock,jmock-junit4,2.5.1
org.jmock,jmock-junit4,2.5.1,compile,true,org.jmock,jmock,2.5.1
org.jmock,jmock-junit4,2.5.1,compile,true,junit,junit-dep,4.4
junit,junit-dep,4.4,compile,true,org.hamcrest,hamcrest-core,1.1
com.thoughtworks.paranamer,paranamer,2.3,compile,true,javax.inject,javax.inject,1
net.liftweb,lift-json_2.9.1,2.4,compile,true,org.scala-lang,scalap,2.9.1
org.scala-lang,scalap,2.9.1,compile,true,org.scala-lang,scala-compiler,2.9.1
net.liftweb,lift-json_2.9.1,2.4,compile,true,org.scala-lang,scala-library,2.9.1
com.typesafe,config,0.4.0,compile,true,com.novocode,junit-interface,0.7
com.novocode,junit-interface,0.7,compile,true,junit,junit,4.8.2
com.novocode,junit-interface,0.7,compile,true,org.scala-tools.testing,test-interface,0.5
org.scala-lang,scala-library,2.10.0-M4,compile,true,com.typesafe,config,0.4.0
org.scala-lang,scala-library,2.10.0-M5,compile,true,com.typesafe,config,0.4.0
