fg,fa,fv,tg,ta,tv
org.hamcrest,hamcrest-core,1.1,org.hamcrest,hamcrest-parent,1.1
org.hamcrest,hamcrest-core,1.3,org.hamcrest,hamcrest-parent,1.3
org.hamcrest,hamcrest-library,1.3,org.hamcrest,hamcrest-parent,1.3
org.slf4j,slf4j-api,1.1.0,org.slf4j,slf4j-parent,1.1.0
org.slf4j,slf4j-api,1.1.0-RC1,org.slf4j,slf4j-parent,1.1.0-RC1
org.slf4j,slf4j-api,${parent.version},org.slf4j,slf4j-parent,1.1.0-beta0
org.slf4j,slf4j-api,1.2,org.slf4j,slf4j-parent,1.2
org.slf4j,slf4j-api,1.3.0,org.slf4j,slf4j-parent,1.3.0
org.slf4j,slf4j-api,1.3.1,org.slf4j,slf4j-parent,1.3.1
org.slf4j,slf4j-api,1.4.0,org.slf4j,slf4j-parent,1.4.0
org.slf4j,slf4j-api,1.4.1,org.slf4j,slf4j-parent,1.4.1
org.slf4j,slf4j-api,1.4.2,org.slf4j,slf4j-parent,1.4.2
org.slf4j,slf4j-api,1.5.0,org.slf4j,slf4j-parent,1.5.0
org.slf4j,slf4j-api,1.5.0-M0,org.slf4j,slf4j-parent,1.5.0-M0
org.slf4j,slf4j-api,1.5.10,org.slf4j,slf4j-parent,1.5.10
org.slf4j,slf4j-api,1.5.11,org.slf4j,slf4j-parent,1.5.11
org.slf4j,slf4j-api,1.5.2,org.slf4j,slf4j-parent,1.5.2
org.slf4j,slf4j-api,1.5.3,org.slf4j,slf4j-parent,1.5.3
org.slf4j,slf4j-api,1.5.4,org.slf4j,slf4j-parent,1.5.4
org.slf4j,slf4j-api,1.5.5,org.slf4j,slf4j-parent,1.5.5
org.slf4j,slf4j-api,1.5.6,org.slf4j,slf4j-parent,1.5.6
org.slf4j,slf4j-api,1.5.7,org.slf4j,slf4j-parent,1.5.7
org.slf4j,slf4j-api,1.5.8,org.slf4j,slf4j-parent,1.5.8
org.slf4j,slf4j-api,1.5.9-RC0,org.slf4j,slf4j-parent,1.5.9-RC0
org.slf4j,slf4j-api,1.5.9.RC1,org.slf4j,slf4j-parent,1.5.9.RC1
org.slf4j,slf4j-api,1.6.0,org.slf4j,slf4j-parent,1.6.0
org.slf4j,slf4j-api,1.6.0-RC0,org.slf4j,slf4j-parent,1.6.0-RC0
org.slf4j,slf4j-api,1.6.0-alpha2,org.slf4j,slf4j-parent,1.6.0-alpha2
org.slf4j,slf4j-api,1.6.1,org.slf4j,slf4j-parent,1.6.1
org.slf4j,slf4j-api,1.6.2,org.slf4j,slf4j-parent,1.6.2
org.slf4j,slf4j-api,1.6.3,org.slf4j,slf4j-parent,1.6.3
org.slf4j,slf4j-api,1.6.4,org.slf4j,slf4j-parent,1.6.4
org.slf4j,slf4j-api,1.6.5,org.slf4j,slf4j-parent,1.6.5
org.slf4j,slf4j-api,1.6.6,org.slf4j,slf4j-parent,1.6.6
org.slf4j,slf4j-api,1.7.0,org.slf4j,slf4j-parent,1.7.0
org.slf4j,slf4j-api,1.7.1,org.slf4j,slf4j-parent,1.7.1
org.slf4j,slf4j-api,1.7.10,org.slf4j,slf4j-parent,1.7.10
org.slf4j,slf4j-api,1.7.11,org.slf4j,slf4j-parent,1.7.11
org.slf4j,slf4j-api,1.7.12,org.slf4j,slf4j-parent,1.7.12
org.slf4j,slf4j-api,1.7.13,org.slf4j,slf4j-parent,1.7.13
org.slf4j,slf4j-api,1.7.14,org.slf4j,slf4j-parent,1.7.14
org.slf4j,slf4j-api,1.7.15,org.slf4j,slf4j-parent,1.7.15
org.slf4j,slf4j-api,1.7.16,org.slf4j,slf4j-parent,1.7.16
org.slf4j,slf4j-api,1.7.18,org.slf4j,slf4j-parent,1.7.18
org.slf4j,slf4j-api,1.7.19,org.slf4j,slf4j-parent,1.7.19
org.slf4j,slf4j-api,1.7.2,org.slf4j,slf4j-parent,1.7.2
org.slf4j,slf4j-api,1.7.20,org.slf4j,slf4j-parent,1.7.20
org.slf4j,slf4j-api,1.7.21,org.slf4j,slf4j-parent,1.7.21
org.slf4j,slf4j-api,1.7.22,org.slf4j,slf4j-parent,1.7.22
org.slf4j,slf4j-api,1.7.23,org.slf4j,slf4j-parent,1.7.23
org.slf4j,slf4j-api,1.7.24,org.slf4j,slf4j-parent,1.7.24
org.slf4j,slf4j-api,1.7.25,org.slf4j,slf4j-parent,1.7.25
org.slf4j,slf4j-api,1.7.26,org.slf4j,slf4j-parent,1.7.26
org.slf4j,slf4j-api,1.7.27,org.slf4j,slf4j-parent,1.7.27
org.slf4j,slf4j-api,1.7.28,org.slf4j,slf4j-parent,1.7.28
org.slf4j,slf4j-api,1.7.29,org.slf4j,slf4j-parent,1.7.29
org.slf4j,slf4j-api,1.7.3,org.slf4j,slf4j-parent,1.7.3
org.slf4j,slf4j-api,1.7.30,org.slf4j,slf4j-parent,1.7.30
org.slf4j,slf4j-api,1.7.31,org.slf4j,slf4j-parent,1.7.31
org.slf4j,slf4j-api,1.7.32,org.slf4j,slf4j-parent,1.7.32
org.slf4j,slf4j-api,1.7.33,org.slf4j,slf4j-parent,1.7.33
org.slf4j,slf4j-api,1.7.34,org.slf4j,slf4j-parent,1.7.34
org.slf4j,slf4j-api,1.7.35,org.slf4j,slf4j-parent,1.7.35
org.slf4j,slf4j-api,1.7.36,org.slf4j,slf4j-parent,1.7.36
org.slf4j,slf4j-api,1.7.4,org.slf4j,slf4j-parent,1.7.4
org.slf4j,slf4j-api,1.7.5,org.slf4j,slf4j-parent,1.7.5
org.slf4j,slf4j-api,1.7.6,org.slf4j,slf4j-parent,1.7.6
org.slf4j,slf4j-api,1.7.7,org.slf4j,slf4j-parent,1.7.7
org.slf4j,slf4j-api,1.7.8,org.slf4j,slf4j-parent,1.7.8
org.slf4j,slf4j-api,1.7.9,org.slf4j,slf4j-parent,1.7.9
org.slf4j,slf4j-api,1.8.0-alpha0,org.slf4j,slf4j-parent,1.8.0-alpha0
org.slf4j,slf4j-api,1.8.0-alpha1,org.slf4j,slf4j-parent,1.8.0-alpha1
org.slf4j,slf4j-api,1.8.0-alpha2,org.slf4j,slf4j-parent,1.8.0-alpha2
org.slf4j,slf4j-api,1.8.0-beta0,org.slf4j,slf4j-parent,1.8.0-beta0
org.slf4j,slf4j-api,1.8.0-beta1,org.slf4j,slf4j-parent,1.8.0-beta1
org.slf4j,slf4j-api,1.8.0-beta2,org.slf4j,slf4j-parent,1.8.0-beta2
org.slf4j,slf4j-api,1.8.0-beta4,org.slf4j,slf4j-parent,1.8.0-beta4
org.slf4j,slf4j-api,2.0.0,org.slf4j,slf4j-parent,2.0.0
org.slf4j,slf4j-api,2.0.0-alpha0,org.slf4j,slf4j-parent,2.0.0-alpha0
org.slf4j,slf4j-api,2.0.0-alpha1,org.slf4j,slf4j-parent,2.0.0-alpha1
org.slf4j,slf4j-api,2.0.0-alpha2,org.slf4j,slf4j-parent,2.0.0-alpha2
org.slf4j,slf4j-api,2.0.0-alpha3,org.slf4j,slf4j-parent,2.0.0-alpha3
org.slf4j,slf4j-api,2.0.0-alpha4,org.slf4j,slf4j-parent,2.0.0-alpha4
org.slf4j,slf4j-api,2.0.0-alpha5,org.slf4j,slf4j-parent,2.0.0-alpha5
org.slf4j,slf4j-api,2.0.0-alpha6,org.slf4j,slf4j-parent,2.0.0-alpha6
org.slf4j,slf4j-api,2.0.0-alpha7,org.slf4j,slf4j-parent,2.0.0-alpha7
org.slf4j,slf4j-api,2.0.0-beta0,org.slf4j,slf4j-parent,2.0.0-beta0
org.slf4j,slf4j-api,2.0.0-beta1,org.slf4j,slf4j-parent,2.0.0-beta1
org.slf4j,slf4j-api,2.0.1,org.slf4j,slf4j-parent,2.0.1
org.slf4j,slf4j-api,2.0.2,org.slf4j,slf4j-parent,2.0.2
org.slf4j,slf4j-api,2.0.3,org.slf4j,slf4j-parent,2.0.3
org.slf4j,slf4j-api,2.0.4,org.slf4j,slf4j-parent,2.0.4
org.slf4j,slf4j-api,2.0.5,org.slf4j,slf4j-parent,2.0.5
org.slf4j,slf4j-api,2.0.6,org.slf4j,slf4j-parent,2.0.6
org.slf4j,slf4j-api,2.0.7,org.slf4j,slf4j-parent,2.0.7
org.slf4j,slf4j-api,2.0.8,org.slf4j,slf4j-parent,2.0.8
org.slf4j,slf4j-parent,2.0.8,org.slf4j,slf4j-bom,2.0.8
org.slf4j,slf4j-api,2.0.9,org.slf4j,slf4j-parent,2.0.9
org.slf4j,slf4j-parent,2.0.9,org.slf4j,slf4j-bom,2.0.9
org.jetbrains.kotlin,kotlin-stdlib-common,1.1.0,org.jetbrains.kotlin,kotlin-project,1.1.0
org.jetbrains.kotlin,kotlin-stdlib-common,1.1.1,org.jetbrains.kotlin,kotlin-project,1.1.1
org.jetbrains.kotlin,kotlin-stdlib-common,1.1.2,org.jetbrains.kotlin,kotlin-project,1.1.2
org.jetbrains.kotlin,kotlin-stdlib-common,1.1.2-2,org.jetbrains.kotlin,kotlin-project,1.1.2-2
org.jetbrains.kotlin,kotlin-stdlib-common,1.1.2-3,org.jetbrains.kotlin,kotlin-project,1.1.2-3
org.jetbrains.kotlin,kotlin-stdlib-common,1.1.2-4,org.jetbrains.kotlin,kotlin-project,1.1.2-4
org.jetbrains.kotlin,kotlin-stdlib-common,1.1.2-5,org.jetbrains.kotlin,kotlin-project,1.1.2-5
com.google.guava,guava,10.0,com.google.guava,guava-parent,10.0
com.google.guava,guava-parent,10.0,org.sonatype.oss,oss-parent,7
com.google.guava,guava-bootstrap,10.0,com.google.guava,guava-parent,10.0
com.google.guava,guava,10.0-rc1,com.google.guava,guava-parent,10.0-rc1
com.google.guava,guava-parent,10.0-rc1,org.sonatype.oss,oss-parent,7
com.google.guava,guava-bootstrap,10.0-rc1,com.google.guava,guava-parent,10.0-rc1
com.google.guava,guava,10.0-rc2,com.google.guava,guava-parent,10.0-rc2
com.google.guava,guava-parent,10.0-rc2,org.sonatype.oss,oss-parent,7
com.google.guava,guava-bootstrap,10.0-rc2,com.google.guava,guava-parent,10.0-rc2
com.google.guava,guava,10.0-rc3,com.google.guava,guava-parent,10.0-rc3
com.google.guava,guava-parent,10.0-rc3,org.sonatype.oss,oss-parent,7
com.google.guava,guava-bootstrap,10.0-rc3,com.google.guava,guava-parent,10.0-rc3
com.google.guava,guava,10.0.1,com.google.guava,guava-parent,10.0.1
com.google.guava,guava-parent,10.0.1,org.sonatype.oss,oss-parent,7
com.google.guava,guava-bootstrap,10.0.1,com.google.guava,guava-parent,10.0.1
com.google.guava,guava,11.0,com.google.guava,guava-parent,11.0
com.google.guava,guava-parent,11.0,org.sonatype.oss,oss-parent,7
com.google.guava,guava-bootstrap,11.0,com.google.guava,guava-parent,11.0
com.google.guava,guava,11.0-rc1,com.google.guava,guava-parent,11.0-rc1
com.google.guava,guava-parent,11.0-rc1,org.sonatype.oss,oss-parent,7
com.google.guava,guava-bootstrap,11.0-rc1,com.google.guava,guava-parent,11.0-rc1
com.google.guava,guava,11.0.1,com.google.guava,guava-parent,11.0.1
com.google.guava,guava-parent,11.0.1,org.sonatype.oss,oss-parent,7
com.google.guava,guava-bootstrap,11.0.1,com.google.guava,guava-parent,11.0.1
com.google.guava,guava,11.0.2,com.google.guava,guava-parent,11.0.2
com.google.guava,guava-parent,11.0.2,org.sonatype.oss,oss-parent,7
com.google.guava,guava-bootstrap,11.0.2,com.google.guava,guava-parent,11.0.2
com.google.guava,guava,12.0,com.google.guava,guava-parent,12.0
com.google.guava,guava-parent,12.0,org.sonatype.oss,oss-parent,7
com.google.guava,guava,12.0-rc1,com.google.guava,guava-parent,12.0-rc1
com.google.guava,guava-parent,12.0-rc1,org.sonatype.oss,oss-parent,7
com.google.guava,guava-bootstrap,12.0-rc1,com.google.guava,guava-parent,12.0-rc1
com.google.guava,guava,12.0-rc2,com.google.guava,guava-parent,12.0-rc2
com.google.guava,guava-parent,12.0-rc2,org.sonatype.oss,oss-parent,7
com.google.guava,guava,12.0.1,com.google.guava,guava-parent,12.0.1
com.google.guava,guava-parent,12.0.1,org.sonatype.oss,oss-parent,7
com.google.guava,guava,13.0,com.google.guava,guava-parent,13.0
com.google.guava,guava-parent,13.0,org.sonatype.oss,oss-parent,7
com.google.guava,guava,13.0-rc1,com.google.guava,guava-parent,13.0-rc1
com.google.guava,guava-parent,13.0-rc1,org.sonatype.oss,oss-parent,7
com.google.guava,guava,13.0-rc2,com.google.guava,guava-parent,13.0-rc2
com.google.guava,guava-parent,13.0-rc2,org.sonatype.oss,oss-parent,7
com.google.guava,guava,13.0.1,com.google.guava,guava-parent,13.0.1
com.google.guava,guava-parent,13.0.1,org.sonatype.oss,oss-parent,7
com.google.guava,guava,14.0,com.google.guava,guava-parent,14.0
com.google.guava,guava-parent,14.0,org.sonatype.oss,oss-parent,7
com.google.guava,guava,14.0-rc1,com.google.guava,guava-parent,14.0-rc1
com.google.guava,guava-parent,14.0-rc1,org.sonatype.oss,oss-parent,7
com.google.guava,guava,14.0-rc2,com.google.guava,guava-parent,14.0-rc2
com.google.guava,guava-parent,14.0-rc2,org.sonatype.oss,oss-parent,7
com.google.guava,guava,14.0-rc3,com.google.guava,guava-parent,14.0-rc3
com.google.guava,guava-parent,14.0-rc3,org.sonatype.oss,oss-parent,7
com.google.guava,guava,14.0.1,com.google.guava,guava-parent,14.0.1
com.google.guava,guava-parent,14.0.1,org.sonatype.oss,oss-parent,7
com.google.guava,guava,15.0,com.google.guava,guava-parent,15.0
com.google.guava,guava-parent,15.0,org.sonatype.oss,oss-parent,7
com.google.guava,guava,15.0-rc1,com.google.guava,guava-parent,15.0-rc1
com.google.guava,guava-parent,15.0-rc1,org.sonatype.oss,oss-parent,7
com.google.guava,guava,16.0,com.google.guava,guava-parent,16.0
com.google.guava,guava-parent,16.0,org.sonatype.oss,oss-parent,7
com.google.guava,guava,16.0-rc1,com.google.guava,guava-parent,16.0-rc1
com.google.guava,guava-parent,16.0-rc1,org.sonatype.oss,oss-parent,7
com.google.guava,guava,16.0.1,com.google.guava,guava-parent,16.0.1
com.google.guava,guava-parent,16.0.1,org.sonatype.oss,oss-parent,7
com.google.guava,guava,17.0,com.google.guava,guava-parent,17.0
com.google.guava,guava-parent,17.0,org.sonatype.oss,oss-parent,7
com.google.guava,guava,17.0-rc1,com.google.guava,guava-parent,17.0-rc1
com.google.guava,guava-parent,17.0-rc1,org.sonatype.oss,oss-parent,7
com.google.guava,guava,17.0-rc2,com.google.guava,guava-parent,17.0-rc2
com.google.guava,guava-parent,17.0-rc2,org.sonatype.oss,oss-parent,7
com.google.guava,guava,18.0,com.google.guava,guava-parent,18.0
com.google.guava,guava-parent,18.0,org.sonatype.oss,oss-parent,7
com.google.guava,guava,18.0-rc1,com.google.guava,guava-parent,18.0-rc1
com.google.guava,guava-parent,18.0-rc1,org.sonatype.oss,oss-parent,7
com.google.guava,guava,18.0-rc2,com.google.guava,guava-parent,18.0-rc2
com.google.guava,guava-parent,18.0-rc2,org.sonatype.oss,oss-parent,7
com.google.guava,guava,19.0,com.google.guava,guava-parent,19.0
com.google.guava,guava-parent,19.0,org.sonatype.oss,oss-parent,7
com.google.errorprone,error_prone_annotations,2.0.2,com.google.errorprone,error_prone_parent,2.0.2
com.google.errorprone,error_prone_parent,2.0.2,org.sonatype.oss,oss-parent,7
com.google.j2objc,j2objc-annotations,0.1,org.sonatype.oss,oss-parent,7
org.codehaus.mojo,animal-sniffer-annotations,1.14,org.codehaus.mojo,animal-sniffer-parent,1.14
org.codehaus.mojo,animal-sniffer-parent,1.14,org.codehaus.mojo,mojo-parent,34
org.codehaus.mojo,mojo-parent,34,org.codehaus,codehaus-parent,4
com.google.guava,guava,19.0-rc1,com.google.guava,guava-parent,19.0-rc1
com.google.guava,guava-parent,19.0-rc1,org.sonatype.oss,oss-parent,7
com.google.guava,guava,19.0-rc2,com.google.guava,guava-parent,19.0-rc2
com.google.guava,guava-parent,19.0-rc2,org.sonatype.oss,oss-parent,7
com.google.guava,guava,19.0-rc3,com.google.guava,guava-parent,19.0-rc3
com.google.guava,guava-parent,19.0-rc3,org.sonatype.oss,oss-parent,7
com.google.guava,guava,20.0,com.google.guava,guava-parent,20.0
com.google.guava,guava-parent,20.0,org.sonatype.oss,oss-parent,7
com.google.errorprone,error_prone_annotations,2.0.12,com.google.errorprone,error_prone_parent,2.0.12
com.google.errorprone,error_prone_parent,2.0.12,org.sonatype.oss,oss-parent,7
com.google.j2objc,j2objc-annotations,1.1,org.sonatype.oss,oss-parent,7
com.google.guava,guava,20.0-rc1,com.google.guava,guava-parent,20.0-rc1
com.google.guava,guava-parent,20.0-rc1,org.sonatype.oss,oss-parent,7
com.google.guava,guava,21.0,com.google.guava,guava-parent,21.0
com.google.guava,guava-parent,21.0,org.sonatype.oss,oss-parent,7
com.google.errorprone,error_prone_annotations,2.0.15,com.google.errorprone,error_prone_parent,2.0.15
com.google.errorprone,error_prone_parent,2.0.15,org.sonatype.oss,oss-parent,7
com.google.guava,guava,21.0-rc1,com.google.guava,guava-parent,21.0-rc1
com.google.guava,guava-parent,21.0-rc1,org.sonatype.oss,oss-parent,7
com.google.guava,guava,21.0-rc2,com.google.guava,guava-parent,21.0-rc2
com.google.guava,guava-parent,21.0-rc2,org.sonatype.oss,oss-parent,7
com.google.guava,guava,22.0,com.google.guava,guava-parent,22.0
com.google.guava,guava-parent,22.0,org.sonatype.oss,oss-parent,7
com.google.errorprone,error_prone_annotations,2.0.18,com.google.errorprone,error_prone_parent,2.0.18
com.google.errorprone,error_prone_parent,2.0.18,org.sonatype.oss,oss-parent,7
com.google.guava,guava,22.0-android,com.google.guava,guava-parent,22.0-android
com.google.guava,guava-parent,22.0-android,org.sonatype.oss,oss-parent,7
com.google.guava,guava,22.0-rc1,com.google.guava,guava-parent,22.0-rc1
com.google.guava,guava-parent,22.0-rc1,org.sonatype.oss,oss-parent,7
com.google.guava,guava,22.0-rc1-android,com.google.guava,guava-parent,22.0-rc1-android
com.google.guava,guava-parent,22.0-rc1-android,org.sonatype.oss,oss-parent,7
com.google.guava,guava,23.0,com.google.guava,guava-parent,23.0
com.google.guava,guava-parent,23.0,org.sonatype.oss,oss-parent,7
com.google.guava,guava,23.0-android,com.google.guava,guava-parent,23.0-android
com.google.guava,guava-parent,23.0-android,org.sonatype.oss,oss-parent,7
com.google.guava,guava,23.0-rc1,com.google.guava,guava-parent,23.0-rc1
com.google.guava,guava-parent,23.0-rc1,org.sonatype.oss,oss-parent,7
com.google.guava,guava,23.0-rc1-android,com.google.guava,guava-parent,23.0-rc1-android
com.google.guava,guava-parent,23.0-rc1-android,org.sonatype.oss,oss-parent,7
com.google.guava,guava,23.1-android,com.google.guava,guava-parent,23.1-android
com.google.guava,guava-parent,23.1-android,org.sonatype.oss,oss-parent,7
com.google.guava,guava,23.1-jre,com.google.guava,guava-parent,23.1-jre
com.google.guava,guava-parent,23.1-jre,org.sonatype.oss,oss-parent,7
com.google.guava,guava,23.2-android,com.google.guava,guava-parent,23.2-android
com.google.guava,guava-parent,23.2-android,org.sonatype.oss,oss-parent,7
com.google.guava,guava,23.2-jre,com.google.guava,guava-parent,23.2-jre
com.google.guava,guava-parent,23.2-jre,org.sonatype.oss,oss-parent,7
com.google.guava,guava,23.3-android,com.google.guava,guava-parent,23.3-android
com.google.guava,guava-parent,23.3-android,org.sonatype.oss,oss-parent,7
com.google.guava,guava,23.3-jre,com.google.guava,guava-parent,23.3-jre
com.google.guava,guava-parent,23.3-jre,org.sonatype.oss,oss-parent,7
com.google.guava,guava,23.4-android,com.google.guava,guava-parent,23.4-android
com.google.guava,guava-parent,23.4-android,org.sonatype.oss,oss-parent,7
com.google.guava,guava,23.4-jre,com.google.guava,guava-parent,23.4-jre
com.google.guava,guava-parent,23.4-jre,org.sonatype.oss,oss-parent,7
com.google.guava,guava,23.5-android,com.google.guava,guava-parent,23.5-android
com.google.guava,guava-parent,23.5-android,org.sonatype.oss,oss-parent,7
com.google.guava,guava,23.5-jre,com.google.guava,guava-parent,23.5-jre
com.google.guava,guava-parent,23.5-jre,org.sonatype.oss,oss-parent,7
com.google.guava,guava,23.6-android,com.google.guava,guava-parent,23.6-android
com.google.guava,guava-parent,23.6-android,org.sonatype.oss,oss-parent,9
com.google.errorprone,error_prone_annotations,2.1.3,com.google.errorprone,error_prone_parent,2.1.3
com.google.errorprone,error_prone_parent,2.1.3,org.sonatype.oss,oss-parent,7
com.google.guava,guava,23.6-jre,com.google.guava,guava-parent,23.6-jre
com.google.guava,guava-parent,23.6-jre,org.sonatype.oss,oss-parent,9
com.google.guava,guava,23.6.1-android,com.google.guava,guava-parent,23.6.1-android
com.google.guava,guava-parent,23.6.1-android,org.sonatype.oss,oss-parent,9
com.google.guava,guava,23.6.1-jre,com.google.guava,guava-parent,23.6.1-jre
com.google.guava,guava-parent,23.6.1-jre,org.sonatype.oss,oss-parent,9
com.google.guava,guava,24.0-android,com.google.guava,guava-parent,24.0-android
com.google.guava,guava-parent,24.0-android,org.sonatype.oss,oss-parent,9
com.google.guava,guava,24.0-jre,com.google.guava,guava-parent,24.0-jre
com.google.guava,guava-parent,24.0-jre,org.sonatype.oss,oss-parent,9
com.google.guava,guava,24.1-android,com.google.guava,guava-parent,24.1-android
com.google.guava,guava-parent,24.1-android,org.sonatype.oss,oss-parent,9
com.google.guava,guava,24.1-jre,com.google.guava,guava-parent,24.1-jre
com.google.guava,guava-parent,24.1-jre,org.sonatype.oss,oss-parent,9
com.google.guava,guava,24.1.1-android,com.google.guava,guava-parent,24.1.1-android
com.google.guava,guava-parent,24.1.1-android,org.sonatype.oss,oss-parent,9
com.google.guava,guava,24.1.1-jre,com.google.guava,guava-parent,24.1.1-jre
com.google.guava,guava-parent,24.1.1-jre,org.sonatype.oss,oss-parent,9
com.google.guava,guava,25.0-android,com.google.guava,guava-parent,25.0-android
com.google.guava,guava-parent,25.0-android,org.sonatype.oss,oss-parent,9
com.google.guava,guava,25.0-jre,com.google.guava,guava-parent,25.0-jre
com.google.guava,guava-parent,25.0-jre,org.sonatype.oss,oss-parent,9
com.google.guava,guava,25.1-android,com.google.guava,guava-parent,25.1-android
com.google.guava,guava-parent,25.1-android,org.sonatype.oss,oss-parent,9
com.google.code.findbugs,jsr305,3.0.2,org.sonatype.oss,oss-parent,7
com.google.guava,guava,25.1-jre,com.google.guava,guava-parent,25.1-jre
com.google.guava,guava-parent,25.1-jre,org.sonatype.oss,oss-parent,9
com.google.guava,guava,26.0-android,com.google.guava,guava-parent,26.0-android
com.google.guava,guava-parent,26.0-android,org.sonatype.oss,oss-parent,9
com.google.guava,guava,26.0-jre,com.google.guava,guava-parent,26.0-jre
com.google.guava,guava-parent,26.0-jre,org.sonatype.oss,oss-parent,9
com.google.guava,guava,27.0-android,com.google.guava,guava-parent,27.0-android
com.google.guava,guava-parent,27.0-android,org.sonatype.oss,oss-parent,9
com.google.guava,failureaccess,1.0,com.google.guava,guava-parent,26.0-android
com.google.guava,listenablefuture,9999.0-empty-to-avoid-conflict-with-guava,com.google.guava,guava-parent,26.0-android
com.google.errorprone,error_prone_annotations,2.2.0,com.google.errorprone,error_prone_parent,2.2.0
com.google.errorprone,error_prone_parent,2.2.0,org.sonatype.oss,oss-parent,7
org.codehaus.mojo,animal-sniffer-annotations,1.17,org.codehaus.mojo,animal-sniffer-parent,1.17
org.codehaus.mojo,animal-sniffer-parent,1.17,org.codehaus.mojo,mojo-parent,40
com.google.guava,guava,27.0-jre,com.google.guava,guava-parent,27.0-jre
com.google.guava,guava-parent,27.0-jre,org.sonatype.oss,oss-parent,9
com.google.guava,guava,27.0.1-android,com.google.guava,guava-parent,27.0.1-android
com.google.guava,guava-parent,27.0.1-android,org.sonatype.oss,oss-parent,9
com.google.guava,failureaccess,1.0.1,com.google.guava,guava-parent,26.0-android
com.google.guava,guava,27.0.1-jre,com.google.guava,guava-parent,27.0.1-jre
com.google.guava,guava-parent,27.0.1-jre,org.sonatype.oss,oss-parent,9
com.google.guava,guava,27.1-android,com.google.guava,guava-parent,27.1-android
com.google.guava,guava-parent,27.1-android,org.sonatype.oss,oss-parent,9
com.google.guava,guava,27.1-jre,com.google.guava,guava-parent,27.1-jre
com.google.guava,guava-parent,27.1-jre,org.sonatype.oss,oss-parent,9
com.google.guava,guava,28.0-android,com.google.guava,guava-parent,28.0-android
com.google.errorprone,error_prone_annotations,2.3.2,com.google.errorprone,error_prone_parent,2.3.2
com.google.errorprone,error_prone_parent,2.3.2,org.sonatype.oss,oss-parent,7
com.google.j2objc,j2objc-annotations,1.3,org.sonatype.oss,oss-parent,7
com.google.guava,guava,28.0-jre,com.google.guava,guava-parent,28.0-jre
com.google.guava,guava,28.1-android,com.google.guava,guava-parent,28.1-android
org.codehaus.mojo,animal-sniffer-annotations,1.18,org.codehaus.mojo,animal-sniffer-parent,1.18
org.codehaus.mojo,animal-sniffer-parent,1.18,org.codehaus.mojo,mojo-parent,50
com.google.guava,guava,28.1-jre,com.google.guava,guava-parent,28.1-jre
com.google.guava,guava,28.2-android,com.google.guava,guava-parent,28.2-android
com.google.errorprone,error_prone_annotations,2.3.4,com.google.errorprone,error_prone_parent,2.3.4
com.google.errorprone,error_prone_parent,2.3.4,org.sonatype.oss,oss-parent,7
com.google.guava,guava,28.2-jre,com.google.guava,guava-parent,28.2-jre
com.google.guava,guava,29.0-android,com.google.guava,guava-parent,29.0-android
com.google.guava,guava,29.0-jre,com.google.guava,guava-parent,29.0-jre
com.google.guava,guava,30.0-android,com.google.guava,guava-parent,30.0-android
com.google.guava,guava,30.0-jre,com.google.guava,guava-parent,30.0-jre
com.google.guava,guava,30.1-android,com.google.guava,guava-parent,30.1-android
com.google.guava,guava,30.1-jre,com.google.guava,guava-parent,30.1-jre
com.google.guava,guava,30.1.1-android,com.google.guava,guava-parent,30.1.1-android
com.google.errorprone,error_prone_annotations,2.5.1,com.google.errorprone,error_prone_parent,2.5.1
com.google.errorprone,error_prone_parent,2.5.1,org.sonatype.oss,oss-parent,7
com.google.guava,guava,30.1.1-jre,com.google.guava,guava-parent,30.1.1-jre
com.google.guava,guava,31.0-android,com.google.guava,guava-parent,31.0-android
com.google.errorprone,error_prone_annotations,2.7.1,com.google.errorprone,error_prone_parent,2.7.1
com.google.errorprone,error_prone_parent,2.7.1,org.sonatype.oss,oss-parent,7
com.google.guava,guava,31.0-jre,com.google.guava,guava-parent,31.0-jre
com.google.guava,guava,31.0.1-android,com.google.guava,guava-parent,31.0.1-android
com.google.guava,guava,31.0.1-jre,com.google.guava,guava-parent,31.0.1-jre
com.google.guava,guava,31.1-android,com.google.guava,guava-parent,31.1-android
com.google.errorprone,error_prone_annotations,2.11.0,com.google.errorprone,error_prone_parent,2.11.0
com.google.guava,guava,31.1-jre,com.google.guava,guava-parent,31.1-jre
com.google.guava,guava,32.0.0-android,com.google.guava,guava-parent,32.0.0-android
com.google.errorprone,error_prone_annotations,2.18.0,com.google.errorprone,error_prone_parent,2.18.0
com.google.j2objc,j2objc-annotations,2.8,org.sonatype.oss,oss-parent,9
com.google.guava,guava,32.0.0-jre,com.google.guava,guava-parent,32.0.0-jre
com.google.guava,guava,32.0.1-android,com.google.guava,guava-parent,32.0.1-android
com.google.guava,guava,32.0.1-jre,com.google.guava,guava-parent,32.0.1-jre
com.google.guava,guava,32.1.0-android,com.google.guava,guava-parent,32.1.0-android
com.google.guava,guava,32.1.0-jre,com.google.guava,guava-parent,32.1.0-jre
com.google.guava,guava,32.1.1-android,com.google.guava,guava-parent,32.1.1-android
com.google.guava,guava,32.1.1-jre,com.google.guava,guava-parent,32.1.1-jre
com.google.guava,guava,32.1.2-android,com.google.guava,guava-parent,32.1.2-android
com.google.guava,guava,32.1.2-jre,com.google.guava,guava-parent,32.1.2-jre
com.google.guava,guava,32.1.3-android,com.google.guava,guava-parent,32.1.3-android
com.google.errorprone,error_prone_annotations,2.21.1,com.google.errorprone,error_prone_parent,2.21.1
com.google.guava,guava,32.1.3-jre,com.google.guava,guava-parent,32.1.3-jre
${parent.groupId},guava,${parent.version},com.google.guava,guava-parent,r03
com.google.guava,guava-parent,r03,com.google,google,5
com.google.guava,guava,r05,com.google,google,5
com.google.guava,guava,r06,com.google,google,5
com.google.guava,guava,r07,com.google,google,5
com.google.guava,guava,r08,com.google,google,5
com.google.guava,guava,r09,com.google,google,5
org.easymock,easymockclassextension,3.0,org.easymock,easymock-parent,3.0
org.easymock,easymock,3.0,org.easymock,easymock-parent,3.0
org.objenesis,objenesis,1.2,org.objenesis,objenesis-parent,1.2
org.jmock,jmock-legacy,2.5.1,org.jmock,jmock-parent,2.5.1
org.jmock,jmock,2.5.1,org.jmock,jmock-parent,2.5.1
org.hamcrest,hamcrest-library,1.1,org.hamcrest,hamcrest-parent,1.1
ant,ant,1.6.5,org.apache,apache,4
xml-apis,xml-apis,1.3.04,org.apache,apache,3
org.beanshell,bsh,2.0b4,org.beanshell,beanshell,2.0b4
asm,asm,3.0,asm,asm-parent,3.0
asm,asm-tree,3.0,asm,asm-parent,3.0
org.apache.ant,ant,1.7.0,org.apache.ant,ant-parent,1.7.0
org.apache.ant,ant-launcher,1.7.0,org.apache.ant,ant-parent,1.7.0
xerces,xercesImpl,2.8.1,org.apache,apache,3
xml-apis,xml-apis,1.3.03,org.apache,apache,1
org.objenesis,objenesis,1.1,org.objenesis,objenesis-parent,1.1
com.thoughtworks.paranamer,paranamer,2.3,com.thoughtworks.paranamer,paranamer-parent,2.3
com.thoughtworks.paranamer,paranamer-parent,2.3,org.codehaus,codehaus-parent,1
org.jmock,jmock-junit4,2.5.1,org.jmock,jmock-parent,2.5.1
org.scala-lang,scala-library,2.6.1,org.scala-lang,scala-parent,2.6.1
org.scala-lang,scala-library,2.6.1-rc1,org.scala-lang,scala-parent,2.6.1-rc1
org.scala-lang,scala-library,2.6.1-rc2,org.scala-lang,scala-parent,2.6.1-rc2
org.scala-lang,scala-library,2.7.0,org.scala-lang,scala-parent,2.7.0
org.scala-lang,scala-library,2.7.0-rc1,org.scala-lang,scala-parent,2.7.0-rc1
org.scala-lang,scala-library,2.7.0-rc2,org.scala-lang,scala-parent,2.7.0-rc2
org.scala-lang,scala-library,2.7.0-rc3,org.scala-lang,scala-parent,2.7.0-rc3
org.scala-lang,scala-library,2.7.1,org.scala-lang,scala-parent,2.7.1
org.scala-lang,scala-library,2.7.1-rc1,org.scala-lang,scala-parent,2.7.1-rc1
org.scala-lang,scala-library,2.7.1-rc2,org.scala-lang,scala-parent,2.7.1-rc2
org.scala-lang,scala-library,2.7.2-rc1,org.scala-lang,scala-parent,2.7.2-rc1
org.scala-lang,scala-library,2.7.2-rc2,org.scala-lang,scala-parent,2.7.2-rc2
org.scala-lang,scala-library,2.7.2-rc3,org.scala-lang,scala-parent,2.7.2-rc3